iter,time,total_time,circuit_size,cross_entropy_D,cross_entropy_Df,train_discrimination,valid_discrimination,test_discrimination,train_mll,valid_mll,test_mll,struct?,stop?,P(D),P(Df),P(S),"P(D|Df,S)","P(D|Df,notS)","P(D|notDf,S)","P(D|notDf,notS)"
0,0.038092708,0.038092708,309,0.5845682064866177,0.5845682064866177,-0.059905385032372305,-0.050785601290342486,-0.026218034739494134,-7.685713384052466,-7.669997930946661,-7.718902645895713,true,,0.592581162819405,0.0,0.300148129860511,0.0,0.0,0.0,0.0
1,2.952836459,2.990929167,313,0.5833505787491005,0.5833505787491005,-0.06106383896653644,-0.051297259378005555,-0.026666532543785593,-7.680559962964121,-7.670559939029544,-7.718292549806051,true,,0.592581162819405,0.0,0.300148129860511,0.0,0.0,0.0,0.0
2,0.358411542,3.349340709,321,0.5817726683167714,0.5817726683167714,-0.06216392870728116,-0.05243638414873897,-0.02872297056079942,-7.674691554790452,-7.668474873116682,-7.711898667392848,true,,0.592581162819405,0.0,0.300148129860511,0.0,0.0,0.0,0.0
3,0.171959958,3.5213006669999998,323,0.5817726694778781,0.5817726694778781,-0.06216393463725467,-0.052436393969958806,-0.028722974974339843,-7.674691554790452,-7.668474873116682,-7.711898667392848,true,,0.592581162819405,0.0,0.300148129860511,0.0,0.0,0.0,0.0
4,0.092733541,3.6140342079999996,325,0.5817726696061226,0.5817726696061226,-0.06216392130532844,-0.05243637369857401,-0.028722961078242237,-7.674691554790452,-7.668474873116682,-7.711898667392848,true,,0.592581162819405,0.0,0.300148129860511,0.0,0.0,0.0,0.0
5,0.264442333,3.8784765409999995,327,0.5817714870146762,0.5817714870146762,-0.06216714349941066,-0.052439960209713754,-0.028724724768319554,-7.67469155282278,-7.668472807920335,-7.711902078807182,true,,0.592581162819405,0.0,0.300148129860511,0.0,0.0,0.0,0.0
6,0.006981042,3.8854575829999995,331,0.5802542303731449,0.5802542303731449,-0.06198411149030991,-0.053824986397773,-0.0284399122978094,-7.6727880926346925,-7.669556006251777,-7.708836210607321,true,,0.592581162819405,0.0,0.300148129860511,0.0,0.0,0.0,0.0
7,0.007052167,3.8925097499999994,339,0.5795233685114526,0.5795233685114526,-0.06134251286700554,-0.05370867925450595,-0.027498485938408312,-7.672115603835834,-7.66990707200047,-7.707673219191627,true,,0.592581162819405,0.0,0.300148129860511,0.0,0.0,0.0,0.0
8,0.007087666,3.8995974159999993,341,0.579523373183595,0.579523373183595,-0.06134251242278321,-0.053708678940033394,-0.027498487183813314,-7.672115603835834,-7.66990707200047,-7.707673219191627,true,,0.592581162819405,0.0,0.300148129860511,0.0,0.0,0.0,0.0
9,0.007078708,3.906676123999999,343,0.5795233761447018,0.5795233761447018,-0.06134250094923077,-0.05370866773997229,-0.027498476040716202,-7.672115603835834,-7.66990707200047,-7.707673219191627,true,,0.592581162819405,0.0,0.300148129860511,0.0,0.0,0.0,0.0
10,0.007718333,3.9143944569999993,345,0.5795243842134505,0.5795243842134505,-0.061348373738945305,-0.05371339435927469,-0.027507359011819776,-7.672115589635111,-7.669903436512981,-7.707677159872232,true,,0.592581162819405,0.0,0.300148129860511,0.0,0.0,0.0,0.0
11,0.071267334,3.985661790999999,348,0.5789991237525168,0.5789991237525168,-0.060695453671256394,-0.05192585232035096,-0.026562161325834888,-7.668976000332109,-7.664921269041277,-7.703864838052188,true,,0.592581162819405,0.0,0.300148129860511,0.0,0.0,0.0,0.0
12,0.023010625,4.008672416,350,0.5789991230131124,0.5789991230131124,-0.06069545283012545,-0.05192585135274308,-0.026562163073771683,-7.668976000332109,-7.664921269041277,-7.703864838052188,true,,0.592581162819405,0.0,0.300148129860511,0.0,0.0,0.0,0.0
13,0.077899042,4.086571458,352,0.5789991255734539,0.5789991255734539,-0.06069545100592266,-0.051925851691405844,-0.02656215874762813,-7.668976000332109,-7.664921269041277,-7.703864838052188,true,,0.592581162819405,0.0,0.300148129860511,0.0,0.0,0.0,0.0
14,0.007921667,4.094493125,354,0.5790007683265124,0.5790007683265124,-0.06069395703900038,-0.05192475989106604,-0.026559165952093622,-7.668976000553208,-7.66491835103357,-7.703869077806556,true,,0.592581162819405,0.0,0.300148129860511,0.0,0.0,0.0,0.0
15,0.007205458,4.101698582999999,356,0.5790007677956335,0.5790007677956335,-0.060693960350953646,-0.05192476221332498,-0.026559170234538798,-7.668976000553208,-7.66491835103357,-7.703869077806556,true,,0.592581162819405,0.0,0.300148129860511,0.0,0.0,0.0,0.0
16,0.007131834,4.108830416999999,360,0.5765196257900719,0.5765196257900719,-0.0630632109465128,-0.054051255329609305,-0.027281085479944456,-7.659983387211376,-7.657866711673543,-7.701130195873901,true,,0.592581162819405,0.0,0.300148129860511,0.0,0.0,0.0,0.0
17,0.007220416,4.116050832999999,362,0.5765196264096438,0.5765196264096438,-0.06306321092022749,-0.054051257748628956,-0.027281088626230687,-7.659983387211376,-7.657866711673543,-7.701130195873901,true,,0.592581162819405,0.0,0.300148129860511,0.0,0.0,0.0,0.0
18,0.007881291,4.1239321239999995,364,0.576519624763433,0.576519624763433,-0.06306322112419771,-0.0540512670376645,-0.027281097628105266,-7.659983387211376,-7.657866711673543,-7.701130195873901,true,,0.592581162819405,0.0,0.300148129860511,0.0,0.0,0.0,0.0
19,0.007757875,4.131689999,366,0.5765210877070509,0.5765210877070509,-0.06305961633642776,-0.05404817857848554,-0.027279259956602964,-7.659983378230806,-7.6578641386275415,-7.701124673202955,true,,0.592581162819405,0.0,0.300148129860511,0.0,0.0,0.0,0.0
20,0.067840625,4.199530623999999,368,0.5765218821076433,0.5765218821076433,-0.06305741927862518,-0.05404625746563074,-0.02727896853184053,-7.6599833797148555,-7.657865247745385,-7.701118823872291,true,,0.592581162819405,0.0,0.300148129860511,0.0,0.0,0.0,0.0
21,0.007253167,4.206783790999999,370,0.5765206483029762,0.5765206483029762,-0.06305995573541068,-0.05404995319550876,-0.027280551660046726,-7.659983371490287,-7.6578595519027965,-7.701123584263852,true,,0.592581162819405,0.0,0.300148129860511,0.0,0.0,0.0,0.0
22,0.024229583,4.231013374,381,0.5765935997246039,0.5765935997246039,-0.06328317253441695,-0.05601232954273172,-0.02672795732607225,-7.65700362387198,-7.652510130951571,-7.7021298812182994,true,,0.592581162819405,0.0,0.300148129860511,0.0,0.0,0.0,0.0
23,0.022578,4.253591374,383,0.5765935988903682,0.5765935988903682,-0.06328317368045788,-0.05601232954273172,-0.026727957151278514,-7.65700362387198,-7.652510130951571,-7.7021298812182994,true,,0.592581162819405,0.0,0.300148129860511,0.0,0.0,0.0,0.0
24,0.022477333,4.276068707,386,0.5765930790128568,0.5765930790128568,-0.06328459858395441,-0.056010704203412476,-0.026736388542910605,-7.6570036201574885,-7.652519612904067,-7.702103686283763,true,,0.592581162819405,0.0,0.300148129860511,0.0,0.0,0.0,0.0
25,0.007893875,4.283962582,388,0.5765952105294031,0.5765952105294031,-0.0632807943758551,-0.05600608696008458,-0.02673435119147849,-7.657003610325252,-7.652520814061648,-7.702094780412212,true,,0.592581162819405,0.0,0.300148129860511,0.0,0.0,0.0,0.0
26,0.104338167,4.388300749,389,0.5756427622915224,0.5756427622915224,-0.061528894696044834,-0.05441576235803103,-0.025025192219441772,-7.65558797320061,-7.651455116711119,-7.699551543772041,true,,0.592581162819405,0.0,0.300148129860511,0.0,0.0,0.0,0.0
27,0.015480667,4.403781416,389,0.5756427622915224,0.5756427622915224,-0.061528894696044834,-0.05441576235803103,-0.025025192219441772,-7.65558797320061,-7.651455116711119,-7.699551543772041,true,,0.592581162819405,0.0,0.300148129860511,0.0,0.0,0.0,0.0
28,0.015304708,4.419086124000001,391,0.5756153532238518,0.5756153532238518,-0.06153834124893853,-0.05446542959741374,-0.025084520362465113,-7.655580685113886,-7.651333473274332,-7.6994903878614975,true,,0.592581162819405,0.0,0.300148129860511,0.0,0.0,0.0,0.0
29,0.007417583,4.426503707,393,0.5756186791406609,0.5756186791406609,-0.061532835752213466,-0.054459368743619674,-0.02508030859950683,-7.655580678480462,-7.651334118771643,-7.699488144073161,true,,0.592581162819405,0.0,0.300148129860511,0.0,0.0,0.0,0.0
30,0.007197083,4.4337007900000005,398,0.577406548534086,0.577406548534086,-0.06088617624219683,-0.05301981328015393,-0.02413804457416957,-7.6538603033675425,-7.647013473381339,-7.695009578516078,true,,0.592581162819405,0.0,0.300148129860511,0.0,0.0,0.0,0.0
31,0.00740275,4.44110354,400,0.5774086082982521,0.5774086082982521,-0.060891125480598496,-0.053024711214429754,-0.024140241839969434,-7.653860299909645,-7.647008607903464,-7.695008113471225,true,,0.592581162819405,0.0,0.300148129860511,0.0,0.0,0.0,0.0
32,0.0072515,4.44835504,402,0.5774086082982521,0.5774086082982521,-0.060891125480598496,-0.053024711214429754,-0.024140241839969434,-7.653860299909645,-7.647008607903464,-7.695008113471225,true,,0.592581162819405,0.0,0.300148129860511,0.0,0.0,0.0,0.0
33,0.007431625,4.455786665,410,0.577606312236825,0.577606312236825,-0.06061896384106735,-0.05325911169410369,-0.02251647818987601,-7.65231502187404,-7.6431917268432255,-7.696122283199126,true,,0.592581162819405,0.0,0.300148129860511,0.0,0.0,0.0,0.0
34,0.00762025,4.463406915,412,0.577606314723823,0.577606314723823,-0.060618960141828104,-0.053259104191054285,-0.02251647352740571,-7.65231502187404,-7.6431917268432255,-7.696122283199126,true,,0.592581162819405,0.0,0.300148129860511,0.0,0.0,0.0,0.0
35,0.007639,4.471045915,414,0.5776063153365267,0.5776063153365267,-0.06061895384055549,-0.0532591022234713,-0.0225164738085597,-7.65231502187404,-7.6431917268432255,-7.696122283199126,true,,0.592581162819405,0.0,0.300148129860511,0.0,0.0,0.0,0.0
36,0.008059625,4.47910554,416,0.577606922847398,0.577606922847398,-0.06062283576505956,-0.0532623627772465,-0.022514461803284758,-7.652315007139535,-7.64319428456602,-7.69613162387952,true,,0.592581162819405,0.0,0.300148129860511,0.0,0.0,0.0,0.0
37,0.007414,4.48651954,418,0.5776069221239908,0.5776069221239908,-0.06062283512369715,-0.05326236151935626,-0.02251446009904634,-7.652315007139535,-7.64319428456602,-7.69613162387952,true,,0.592581162819405,0.0,0.300148129860511,0.0,0.0,0.0,0.0
38,0.007600167,4.494119706999999,420,0.5776069217162535,0.5776069217162535,-0.06062283111781086,-0.053262359535760084,-0.022514458656998526,-7.652315007139535,-7.64319428456602,-7.69613162387952,true,,0.592581162819405,0.0,0.300148129860511,0.0,0.0,0.0,0.0
39,0.007648166,4.5017678729999995,423,0.5780504052513543,0.5780504052513543,-0.06207601155887821,-0.055031931596750794,-0.023942711600623334,-7.6471351668426,-7.631193437631852,-7.686365818231438,true,,0.592581162819405,0.0,0.300148129860511,0.0,0.0,0.0,0.0
40,0.008283167,4.51005104,425,0.5780485367870577,0.5780485367870577,-0.06208033626277698,-0.0550363073372494,-0.023947436579674353,-7.647135165397866,-7.631194999810651,-7.686364732568636,true,,0.592581162819405,0.0,0.300148129860511,0.0,0.0,0.0,0.0
41,0.007465625,4.517516665,427,0.5780485367870577,0.5780485367870577,-0.06208033626277698,-0.0550363073372494,-0.023947436579674353,-7.647135165397866,-7.631194999810651,-7.686364732568636,true,,0.592581162819405,0.0,0.300148129860511,0.0,0.0,0.0,0.0
42,0.023732834,4.541249498999999,430,0.5779522488732672,0.5779522488732672,-0.062199712101520865,-0.05491416036601593,-0.024342521335535605,-7.646881612577125,-7.630075534260135,-7.686373521370993,true,,0.592581162819405,0.0,0.300148129860511,0.0,0.0,0.0,0.0
43,0.008183458,4.549432957,432,0.577951864212945,0.577951864212945,-0.0622045438786083,-0.054918343020364246,-0.024350282808541013,-7.64688160903129,-7.630075341838703,-7.686377530240192,true,,0.592581162819405,0.0,0.300148129860511,0.0,0.0,0.0,0.0
44,0.007614709,4.557047666,434,0.577951864212945,0.577951864212945,-0.0622045438786083,-0.054918343020364246,-0.024350282808541013,-7.64688160903129,-7.630075341838703,-7.686377530240192,true,,0.592581162819405,0.0,0.300148129860511,0.0,0.0,0.0,0.0
45,0.008087833,4.565135499,436,0.5779507516582874,0.5779507516582874,-0.06220169537273956,-0.054914881185498476,-0.024351576019580268,-7.646881612970302,-7.6300772774597405,-7.68638044372119,true,,0.592581162819405,0.0,0.300148129860511,0.0,0.0,0.0,0.0
46,0.0082745,4.573409999,438,0.5779507677982431,0.5779507677982431,-0.062204512513622245,-0.05491781988316946,-0.024352311922820946,-7.646881608781737,-7.630072276629802,-7.686378858406176,true,,0.592581162819405,0.0,0.300148129860511,0.0,0.0,0.0,0.0
47,0.007849167,4.581259166,440,0.5736808240084375,0.5736808240084375,-0.06437459887008401,-0.06000090819870907,-0.02819937435761455,-7.637258133524448,-7.620779846836056,-7.68001688661565,true,,0.592581162819405,0.0,0.300148129860511,0.0,0.0,0.0,0.0
48,0.023292292,4.6045514579999995,443,0.5729983967944308,0.5729983967944308,-0.06478962812499667,-0.060797046326224846,-0.028414197843783295,-7.63559876053895,-7.619325316717249,-7.678989676045793,true,,0.592581162819405,0.0,0.300148129860511,0.0,0.0,0.0,0.0
49,0.023004834,4.6275562919999995,445,0.5729983971031647,0.5729983971031647,-0.06478962685278611,-0.06079704506833461,-0.02841419670762435,-7.63559876053895,-7.619325316717249,-7.678989676045793,true,,0.592581162819405,0.0,0.300148129860511,0.0,0.0,0.0,0.0
50,0.076562875,4.704119166999999,447,0.5729983976975505,0.5729983976975505,-0.06478962879264438,-0.06079704666488761,-0.0284141983244659,-7.63559876053895,-7.619325316717249,-7.678989676045793,true,,0.592581162819405,0.0,0.300148129860511,0.0,0.0,0.0,0.0
51,0.008258542,4.712377708999999,449,0.5730026208721379,0.5730026208721379,-0.06478157841336696,-0.060789808498408315,-0.02840656254996532,-7.635598740911383,-7.619323738873581,-7.678989429539817,true,,0.592581162819405,0.0,0.300148129860511,0.0,0.0,0.0,0.0
52,0.008017416,4.720395125,451,0.5726759720409119,0.5726759720409119,-0.06502990631460459,-0.060966486680264054,-0.02939552218245145,-7.634339022612873,-7.617177393661047,-7.675076093475019,true,,0.592581162819405,0.0,0.300148129860511,0.0,0.0,0.0,0.0
53,0.007882666,4.728277791,453,0.5726726912311582,0.5726726912311582,-0.06503391916130319,-0.060972448112349475,-0.029398105261600804,-7.634339030315567,-7.6171744914279245,-7.675079131115777,true,,0.592581162819405,0.0,0.300148129860511,0.0,0.0,0.0,0.0
54,0.0078785,4.736156291,455,0.5726726914363488,0.5726726914363488,-0.06503391752109777,-0.06097244675769842,-0.029398105545640485,-7.634339030315567,-7.6171744914279245,-7.675079131115777,true,,0.592581162819405,0.0,0.300148129860511,0.0,0.0,0.0,0.0
55,0.008138708,4.744294999,457,0.5726726919476882,0.5726726919476882,-0.06503391670099501,-0.06097244409677682,-0.029398105523791296,-7.634339030315567,-7.6171744914279245,-7.675079131115777,true,,0.592581162819405,0.0,0.300148129860511,0.0,0.0,0.0,0.0
56,0.00836225,4.752657249,459,0.5726742250351357,0.5726742250351357,-0.06503263542981486,-0.06097139985436373,-0.029397301254372676,-7.6343390262594815,-7.617172255025072,-7.675078663281154,true,,0.592581162819405,0.0,0.300148129860511,0.0,0.0,0.0,0.0
57,0.007901208,4.760558457,461,0.5726742230368995,0.5726742230368995,-0.06503263614085342,-0.06097140216299435,-0.029397302378988632,-7.6343390262594815,-7.617172255025072,-7.675078663281154,true,,0.592581162819405,0.0,0.300148129860511,0.0,0.0,0.0,0.0
58,0.008288625,4.768847082,469,0.5728254500210578,0.5728254500210578,-0.06566400189353083,-0.061846939505740384,-0.029809124253842967,-7.634056828252508,-7.617004886196133,-7.6754357625824925,true,,0.592581162819405,0.0,0.300148129860511,0.0,0.0,0.0,0.0
59,0.008161125,4.777008207,471,0.572825453142384,0.572825453142384,-0.06566400729681077,-0.06184694491003473,-0.02980913411766195,-7.634056828252508,-7.617004886196133,-7.6754357625824925,true,,0.592581162819405,0.0,0.300148129860511,0.0,0.0,0.0,0.0
60,0.008220041,4.785228248,473,0.5728254507570767,0.5728254507570767,-0.06566401247942355,-0.061846941998012106,-0.0298091375149393,-7.634056828252508,-7.617004886196133,-7.6754357625824925,true,,0.592581162819405,0.0,0.300148129860511,0.0,0.0,0.0,0.0
61,0.008603625,4.793831873,475,0.5728256909476691,0.5728256909476691,-0.06565417419845188,-0.06183791321916776,-0.029805972901331468,-7.634056819831121,-7.61700443763417,-7.675432498167428,true,,0.592581162819405,0.0,0.300148129860511,0.0,0.0,0.0,0.0
62,0.023114792,4.816946665000001,478,0.5727789848995296,0.5727789848995296,-0.06559650640235026,-0.06169720469873985,-0.029757547951063112,-7.634043090234576,-7.617057768981217,-7.675408301446474,true,,0.592581162819405,0.0,0.300148129860511,0.0,0.0,0.0,0.0
63,0.07555125,4.892497915000001,479,0.572660750682432,0.572660750682432,-0.0656686157551587,-0.06193653125687615,-0.02979655997764019,-7.633902807063917,-7.615873863049374,-7.6755551211960436,true,,0.592581162819405,0.0,0.300148129860511,0.0,0.0,0.0,0.0
64,0.020699208,4.913197123000001,483,0.5726639289261758,0.5726639289261758,-0.06566355324532647,-0.06196408398772757,-0.029788468909302424,-7.633897680861081,-7.615734297098377,-7.675483480589092,true,,0.592581162819405,0.0,0.300148129860511,0.0,0.0,0.0,0.0
65,0.023781792,4.936978915000001,506,0.5727537479254251,0.5727537479254251,-0.06588010099665231,-0.062169050234035184,-0.029572231670003224,-7.632310194464617,-7.616873524859696,-7.674510611065633,true,,0.592581162819405,0.0,0.300148129860511,0.0,0.0,0.0,0.0
66,0.009029458,4.946008373000001,508,0.5727540782244918,0.5727540782244918,-0.06587817724859368,-0.06216648275912351,-0.029569722200842197,-7.632310187497299,-7.6168776609110855,-7.674511331022508,true,,0.592581162819405,0.0,0.300148129860511,0.0,0.0,0.0,0.0
67,0.008446125,4.9544544980000005,509,0.57282297332568,0.57282297332568,-0.06585795567828845,-0.06252751032901394,-0.029484501352930792,-7.63225658750749,-7.616519827403557,-7.674515105603444,true,,0.592581162819405,0.0,0.300148129860511,0.0,0.0,0.0,0.0
68,0.008195834,4.962650332000001,511,0.5728284483678194,0.5728284483678194,-0.06584982800510919,-0.06251708768820585,-0.02948171313714887,-7.632256564486799,-7.616520807202564,-7.674505519440528,true,,0.592581162819405,0.0,0.300148129860511,0.0,0.0,0.0,0.0
69,0.0083145,4.970964832000001,512,0.5727420096766153,0.5727420096766153,-0.06576528798950543,-0.062239134085412595,-0.02919725322665867,-7.632188909742707,-7.616517957448418,-7.6748006636544375,true,,0.592581162819405,0.0,0.300148129860511,0.0,0.0,0.0,0.0
70,0.00826125,4.979226082000001,515,0.572701781074084,0.572701781074084,-0.06576672406558726,-0.06223040483520603,-0.029128613168841855,-7.632159730576707,-7.6165321902067324,-7.674298277699495,true,,0.592581162819405,0.0,0.300148129860511,0.0,0.0,0.0,0.0
71,0.008554167,4.987780249000001,517,0.5725682111479103,0.5725682111479103,-0.06581774411039376,-0.062392911674103546,-0.028706167215425182,-7.631902892865331,-7.616880333325548,-7.673176322721751,true,,0.592581162819405,0.0,0.300148129860511,0.0,0.0,0.0,0.0
72,0.008569959,4.996350208000001,519,0.5725681361026799,0.5725681361026799,-0.06582334047817961,-0.062397624045380184,-0.028711420530222242,-7.631902879921652,-7.616880162347197,-7.6731726865544445,true,,0.592581162819405,0.0,0.300148129860511,0.0,0.0,0.0,0.0
73,0.0084435,5.004793708000001,529,0.5724450234128946,0.5724450234128946,-0.06564421737195891,-0.0629832489541724,-0.027973662033364044,-7.631734960163628,-7.6155966089768,-7.672760281533561,true,,0.592581162819405,0.0,0.300148129860511,0.0,0.0,0.0,0.0
74,0.008681625,5.0134753330000015,535,0.5720414987722064,0.5720414987722064,-0.06832897241359648,-0.06734519061695998,-0.030060842600507898,-7.627680900241193,-7.613154322154396,-7.670719438180139,true,,0.592581162819405,0.0,0.300148129860511,0.0,0.0,0.0,0.0
75,0.00878675,5.022262083000001,541,0.5720427726027336,0.5720427726027336,-0.06831190900564654,-0.06734740648259219,-0.030053877912570415,-7.627681041366808,-7.613134753514903,-7.6707075801384725,true,,0.592581162819405,0.0,0.300148129860511,0.0,0.0,0.0,0.0
76,0.009188083,5.031450166000001,543,0.5720481845537291,0.5720481845537291,-0.06829837632585956,-0.06733673479169877,-0.030036204628731578,-7.6276810182112,-7.613130994269614,-7.67071033373008,true,,0.592581162819405,0.0,0.300148129860511,0.0,0.0,0.0,0.0
77,0.088407792,5.119857958000001,544,0.5720542119663454,0.5720542119663454,-0.06830066309028215,-0.06740820966277683,-0.02998679336142729,-7.627677456170702,-7.613207355288489,-7.670734494404183,true,,0.592581162819405,0.0,0.300148129860511,0.0,0.0,0.0,0.0
78,0.016608167,5.136466125000001,547,0.5720246057325662,0.5720246057325662,-0.06821741747596233,-0.0672194766108467,-0.0294042987332076,-7.627392586266227,-7.613309208251729,-7.670836346855786,true,,0.592581162819405,0.0,0.300148129860511,0.0,0.0,0.0,0.0
79,0.008912625,5.145378750000001,548,0.5720134716552063,0.5720134716552063,-0.06823170901695708,-0.06727246939752662,-0.02946664226384854,-7.627390050841188,-7.613433220953518,-7.670921129215719,true,,0.592581162819405,0.0,0.300148129860511,0.0,0.0,0.0,0.0
80,0.009129417,5.154508167,548,0.5720134716552063,0.5720134716552063,-0.06823170901695708,-0.06727246939752662,-0.02946664226384854,-7.627390050841188,-7.613433220953518,-7.670921129215719,true,,0.592581162819405,0.0,0.300148129860511,0.0,0.0,0.0,0.0
81,0.00897625,5.163484417,550,0.5720134716552063,0.5720134716552063,-0.06823170901695708,-0.06727246939752662,-0.02946664226384854,-7.627390050841188,-7.613433220953518,-7.670921129215719,true,,0.592581162819405,0.0,0.300148129860511,0.0,0.0,0.0,0.0
82,0.009183458,5.172667875,552,0.5720150344874194,0.5720150344874194,-0.06823002400553024,-0.06726997151781089,-0.029465044715163757,-7.627390039433101,-7.613425081877152,-7.670918995940802,true,,0.592581162819405,0.0,0.300148129860511,0.0,0.0,0.0,0.0
83,0.022186417,5.1948542920000005,555,0.5719247699050837,0.5719247699050837,-0.06883443039636561,-0.06756875087885772,-0.029628842386657972,-7.626355768688351,-7.614241196562391,-7.670304629891551,true,,0.592581162819405,0.0,0.300148129860511,0.0,0.0,0.0,0.0
84,0.024220583,5.2190748750000004,556,0.571223895870621,0.571223895870621,-0.06952776673583683,-0.06806859874400106,-0.030319858960018653,-7.624338496797134,-7.612290302937386,-7.669455316791823,true,,0.592581162819405,0.0,0.300148129860511,0.0,0.0,0.0,0.0
85,0.024382375,5.2434572500000005,559,0.5706887600185958,0.5706887600185958,-0.07045995835121999,-0.06960076199727283,-0.031810664727866644,-7.622413763129763,-7.607809898906718,-7.668193754883875,true,,0.592581162819405,0.0,0.300148129860511,0.0,0.0,0.0,0.0
86,0.0097095,5.25316675,561,0.5706919613891885,0.5706919613891885,-0.07045624080721213,-0.06959948272290828,-0.03180792271756405,-7.622413743920585,-7.607792933718817,-7.668191106485085,true,,0.592581162819405,0.0,0.300148129860511,0.0,0.0,0.0,0.0
87,0.00937125,5.262538,563,0.5707168828553283,0.5707168828553283,-0.07088634570805696,-0.06986670943150153,-0.03225316947958379,-7.621211768911592,-7.6090022489820415,-7.667400091130202,true,,0.592581162819405,0.0,0.300148129860511,0.0,0.0,0.0,0.0
88,0.025131334,5.287669334,565,0.570716882742247,0.570716882742247,-0.07088634596565335,-0.0698667082219917,-0.032253169261091785,-7.621211768911592,-7.6090022489820415,-7.667400091130202,true,,0.592581162819405,0.0,0.300148129860511,0.0,0.0,0.0,0.0
89,0.024676,5.312345334000001,567,0.5707169094520853,0.5707169094520853,-0.07088859444547324,-0.0698676730479888,-0.03225663255751354,-7.62121175851044,-7.608997877909471,-7.667402429489689,true,,0.592581162819405,0.0,0.300148129860511,0.0,0.0,0.0,0.0
90,0.009410292,5.321755626000001,568,0.5706827801512723,0.5706827801512723,-0.07092328850769503,-0.06989828663104225,-0.03226410711820249,-7.621197845690809,-7.608945437842774,-7.667283850001505,true,,0.592581162819405,0.0,0.300148129860511,0.0,0.0,0.0,0.0
91,0.0251155,5.346871126000001,571,0.5705370854368035,0.5705370854368035,-0.07112553549712752,-0.06860207090408454,-0.03325519287546086,-7.620449095817996,-7.610971420667052,-7.666201769060273,true,,0.592581162819405,0.0,0.300148129860511,0.0,0.0,0.0,0.0
92,0.009881042,5.356752168000001,573,0.5705373915101992,0.5705373915101992,-0.07112574357847756,-0.0685976640549929,-0.03325731008575539,-7.620449073761255,-7.610971821402488,-7.666203112923095,true,,0.592581162819405,0.0,0.300148129860511,0.0,0.0,0.0,0.0
93,0.00947875,5.366230918000001,575,0.5705466892847034,0.5705466892847034,-0.07110714299176313,-0.06860847138824089,-0.033200142567406665,-7.620441348689849,-7.611070518756209,-7.666277801395762,true,,0.592581162819405,0.0,0.300148129860511,0.0,0.0,0.0,0.0
94,0.009692875,5.375923793000001,577,0.5705449755145189,0.5705449755145189,-0.07111009602130003,-0.06861227031349826,-0.033204032557049845,-7.620441351419987,-7.611069585005113,-7.666279469269889,true,,0.592581162819405,0.0,0.300148129860511,0.0,0.0,0.0,0.0
95,0.009485166,5.385408959000001,580,0.5705363380983401,0.5705363380983401,-0.07114502703213599,-0.06874453856228002,-0.03310468542297007,-7.620438446984015,-7.610853918406608,-7.66637586768406,true,,0.592581162819405,0.0,0.300148129860511,0.0,0.0,0.0,0.0
96,0.009651959,5.395060918000001,586,0.5705282023657572,0.5705282023657572,-0.07115064203493615,-0.06876907216987038,-0.03310496451808764,-7.620438777573814,-7.610838753425087,-7.666379152788494,true,,0.592581162819405,0.0,0.300148129860511,0.0,0.0,0.0,0.0
97,0.009725792,5.4047867100000015,588,0.57052820169996,0.57052820169996,-0.071150643101494,-0.06876906692298268,-0.03310496732962742,-7.620438777573814,-7.610838753425087,-7.666379152788494,true,,0.592581162819405,0.0,0.300148129860511,0.0,0.0,0.0,0.0
98,0.009787292,5.414574002000002,590,0.570528201312535,0.570528201312535,-0.07115063883832762,-0.06876906448317988,-0.033104962702301455,-7.620438777573814,-7.610838753425087,-7.666379152788494,true,,0.592581162819405,0.0,0.300148129860511,0.0,0.0,0.0,0.0
99,0.01015025,5.424724252000002,592,0.5705283764614303,0.5705283764614303,-0.07114143755058244,-0.06876092518298038,-0.033100332532546406,-7.620438771894581,-7.610838142993759,-7.666372975521804,true,,0.592581162819405,0.0,0.300148129860511,0.0,0.0,0.0,0.0
100,0.025102625,5.449826877000001,595,0.5696944703728064,0.5696944703728064,-0.07217251964498461,-0.06943868342051107,-0.03337694345552855,-7.617303411075864,-7.6081085120334695,-7.663136806154314,true,,0.592581162819405,0.0,0.300148129860511,0.0,0.0,0.0,0.0
101,0.01018825,5.460015127000001,597,0.5697030125862603,0.5697030125862603,-0.07215271685952485,-0.06941148055060131,-0.03336767807867613,-7.617303324947026,-7.608117316390387,-7.663121734684539,true,,0.592581162819405,0.0,0.300148129860511,0.0,0.0,0.0,0.0
102,0.009678042,5.469693169000001,602,0.5695438690560077,0.5695438690560077,-0.06923666731860545,-0.06636240583908715,-0.03248511760941919,-7.615018837588318,-7.6048287084562585,-7.6618624212059,true,,0.592581162819405,0.0,0.300148129860511,0.0,0.0,0.0,0.0
103,0.009797042,5.479490211000001,604,0.5695438690422361,0.5695438690422361,-0.06923666595169509,-0.06636241176807023,-0.032485118406022084,-7.615018837588318,-7.6048287084562585,-7.6618624212059,true,,0.592581162819405,0.0,0.300148129860511,0.0,0.0,0.0,0.0
104,0.009823041,5.4893132520000005,607,0.5691735504476837,0.5691735504476837,-0.06952004408632806,-0.06754256220926602,-0.03297405271815501,-7.614717458002019,-7.605411795029883,-7.662069266948479,true,,0.592581162819405,0.0,0.300148129860511,0.0,0.0,0.0,0.0
105,0.01034875,5.499662002000001,609,0.5691740352379498,0.5691740352379498,-0.06951333660383763,-0.06753542152953507,-0.03297284505635756,-7.614717458462212,-7.6054100321305524,-7.662065505397523,true,,0.592581162819405,0.0,0.300148129860511,0.0,0.0,0.0,0.0
106,0.010018584,5.509680586000001,611,0.5691740349972202,0.5691740349972202,-0.0695133379233619,-0.06753542128763301,-0.03297284553704016,-7.614717458462212,-7.6054100321305524,-7.662065505397523,true,,0.592581162819405,0.0,0.300148129860511,0.0,0.0,0.0,0.0
107,0.010477458,5.520158044000001,613,0.5691734996592379,0.5691734996592379,-0.06951386657418901,-0.06753345798707522,-0.03297040683747032,-7.61471744722846,-7.605399428917392,-7.662062631695936,true,,0.592581162819405,0.0,0.300148129860511,0.0,0.0,0.0,0.0
108,0.025288875,5.5454469190000015,615,0.5691711086254472,0.5691711086254472,-0.06951707549417274,-0.06753612500464645,-0.03297553038980949,-7.614717474958172,-7.605396463248302,-7.6620550519629935,true,,0.592581162819405,0.0,0.300148129860511,0.0,0.0,0.0,0.0
109,0.009946167,5.555393086000001,615,0.5691711086254472,0.5691711086254472,-0.06951707549417274,-0.06753612500464645,-0.03297553038980949,-7.614717474958172,-7.605396463248302,-7.6620550519629935,true,,0.592581162819405,0.0,0.300148129860511,0.0,0.0,0.0,0.0
110,0.010649667,5.566042753000001,617,0.569173960906437,0.569173960906437,-0.06951196897216161,-0.06753123333563171,-0.03296864878448913,-7.614717449333557,-7.605400593313496,-7.662062339171926,true,,0.592581162819405,0.0,0.300148129860511,0.0,0.0,0.0,0.0
111,0.009771125,5.575813878000002,620,0.5692548632684546,0.5692548632684546,-0.07024280936318839,-0.06837054694876155,-0.031751693541870685,-7.612725812134025,-7.6038527996304035,-7.663754783893894,true,,0.592581162819405,0.0,0.300148129860511,0.0,0.0,0.0,0.0
112,0.009995084,5.5858089620000015,622,0.5692548634215425,0.5692548634215425,-0.07024280913187742,-0.06837054694876155,-0.03175169327968019,-7.612725812134025,-7.6038527996304035,-7.663754783893894,true,,0.592581162819405,0.0,0.300148129860511,0.0,0.0,0.0,0.0
113,0.010160417,5.595969379000001,626,0.5694255934223178,0.5694255934223178,-0.07093059535262458,-0.06810711839133932,-0.03248156954692605,-7.610366707957773,-7.601872407444144,-7.660178395565115,true,,0.592581162819405,0.0,0.300148129860511,0.0,0.0,0.0,0.0
114,0.010564291,5.606533670000001,628,0.5694242141081953,0.5694242141081953,-0.07093207114848887,-0.06811025687584515,-0.032483262882547215,-7.610366700878811,-7.601870565177719,-7.660183333975244,true,,0.592581162819405,0.0,0.300148129860511,0.0,0.0,0.0,0.0
115,0.00985275,5.616386420000001,629,0.5693640767038666,0.5693640767038666,-0.07088820048315736,-0.0680223114803693,-0.03231210453995503,-7.61019409707373,-7.602556116404543,-7.6604542227548205,true,,0.592581162819405,0.0,0.300148129860511,0.0,0.0,0.0,0.0
116,0.01034825,5.626734670000001,631,0.5693528975510992,0.5693528975510992,-0.07088390347612505,-0.06800413128962657,-0.032312625206628476,-7.610187223626896,-7.602632143475628,-7.660515822095796,true,,0.592581162819405,0.0,0.300148129860511,0.0,0.0,0.0,0.0
117,0.01012975,5.636864420000001,637,0.569367148572066,0.569367148572066,-0.07086786410173274,-0.06800090112427504,-0.03228851062687954,-7.610186739891227,-7.60261681266287,-7.660550992600927,true,,0.592581162819405,0.0,0.300148129860511,0.0,0.0,0.0,0.0
118,0.010388167,5.647252587000001,639,0.5693671484165425,0.5693671484165425,-0.07086786413196089,-0.06800090112427504,-0.0322885109764669,-7.610186739891227,-7.60261681266287,-7.660550992600927,true,,0.592581162819405,0.0,0.300148129860511,0.0,0.0,0.0,0.0
119,0.010388791,5.657641378000001,641,0.5693671477602841,0.5693671477602841,-0.07086786533582956,-0.06800090112427504,-0.03228851281180056,-7.610186739891227,-7.60261681266287,-7.660550992600927,true,,0.592581162819405,0.0,0.300148129860511,0.0,0.0,0.0,0.0
120,0.010850041,5.668491419000001,643,0.5693797766562474,0.5693797766562474,-0.07085293139418392,-0.06799621149178336,-0.032267282633655525,-7.610186575029727,-7.60260552193999,-7.660578542957018,true,,0.592581162819405,0.0,0.300148129860511,0.0,0.0,0.0,0.0
121,0.023318125,5.691809544000002,645,0.5693794989633509,0.5693794989633509,-0.07085852864778586,-0.06800133420136734,-0.032274728188934176,-7.610186557302343,-7.6026074744105125,-7.66057474966177,true,,0.592581162819405,0.0,0.300148129860511,0.0,0.0,0.0,0.0
122,0.010102625,5.701912169000002,648,0.569407469966168,0.569407469966168,-0.07061436427134948,-0.06744856396720667,-0.032229445788685473,-7.610057198546019,-7.601984301758344,-7.660788971565712,true,,0.592581162819405,0.0,0.300148129860511,0.0,0.0,0.0,0.0
123,0.010059375,5.711971544000002,650,0.5694074691381777,0.5694074691381777,-0.07061436632949192,-0.06744856546699884,-0.032229449219011386,-7.610057198546019,-7.601984301758344,-7.660788971565712,true,,0.592581162819405,0.0,0.300148129860511,0.0,0.0,0.0,0.0
124,0.010082334,5.722053878000001,656,0.5694061970311697,0.5694061970311697,-0.07061332285392818,-0.06744247889902577,-0.03222332604346734,-7.610057246668182,-7.601982459708282,-7.66077544673828,true,,0.592581162819405,0.0,0.300148129860511,0.0,0.0,0.0,0.0
125,0.010239417,5.732293295000002,658,0.5694061964500571,0.5694061964500571,-0.07061332276718657,-0.06744248107614348,-0.03222332573757836,-7.610057246668182,-7.601982459708282,-7.66077544673828,true,,0.592581162819405,0.0,0.300148129860511,0.0,0.0,0.0,0.0
126,0.010317334,5.742610629000001,660,0.5694061993684514,0.5694061993684514,-0.07061333137432224,-0.06744248881700643,-0.03222333148392065,-7.610057246668182,-7.601982459708282,-7.66077544673828,true,,0.592581162819405,0.0,0.300148129860511,0.0,0.0,0.0,0.0
127,0.010957125,5.753567754000001,662,0.5694067285000831,0.5694067285000831,-0.07060860459666773,-0.06743843241129488,-0.032216583486519235,-7.610057243799746,-7.60198613392673,-7.660774971374907,true,,0.592581162819405,0.0,0.300148129860511,0.0,0.0,0.0,0.0
128,0.011353583,5.764921337000001,664,0.5690414121043483,0.5690414121043483,-0.07042387513003001,-0.0673995844551174,-0.03158665721681453,-7.609522091891163,-7.601744509402963,-7.659946840846035,true,,0.592581162819405,0.0,0.300148129860511,0.0,0.0,0.0,0.0
129,0.023152833,5.788074170000002,667,0.5690234421862961,0.5690234421862961,-0.07040461091067751,-0.06747270609274802,-0.03168682691080715,-7.609516840035431,-7.601808565917948,-7.659866476064128,true,,0.592581162819405,0.0,0.300148129860511,0.0,0.0,0.0,0.0
130,0.025772,5.8138461700000015,673,0.5689930335835373,0.5689930335835373,-0.07038904707688542,-0.06756140871770033,-0.03180375906394661,-7.609496937598241,-7.601767703887329,-7.659838780073466,true,,0.592581162819405,0.0,0.300148129860511,0.0,0.0,0.0,0.0
131,0.010424292,5.824270462000001,675,0.5689930331878617,0.5689930331878617,-0.07038905079374747,-0.06756141225934964,-0.03180376683082542,-7.609496937598241,-7.601767703887329,-7.659838780073466,true,,0.592581162819405,0.0,0.300148129860511,0.0,0.0,0.0,0.0
132,0.010553625,5.834824087000001,689,0.5692519228529145,0.5692519228529145,-0.06904793268883835,-0.06596245576965021,-0.03148953396975285,-7.609235279807102,-7.6023539698925315,-7.659107617595827,true,,0.592581162819405,0.0,0.300148129860511,0.0,0.0,0.0,0.0
133,0.010725,5.845549087000001,691,0.5692519241198258,0.5692519241198258,-0.06904793392625996,-0.06596245548107138,-0.03148953471949678,-7.609235279807102,-7.6023539698925315,-7.659107617595827,true,,0.592581162819405,0.0,0.300148129860511,0.0,0.0,0.0,0.0
134,0.010867083,5.856416170000001,709,0.5692759328151271,0.5692759328151271,-0.06911190788870847,-0.06602178784516588,-0.0315886458511645,-7.609235440043019,-7.60233673375569,-7.659077780530929,true,,0.592581162819405,0.0,0.300148129860511,0.0,0.0,0.0,0.0
135,0.011539125,5.867955295000001,711,0.5692768665557526,0.5692768665557526,-0.06912664029011428,-0.06603745540613526,-0.03159797560935074,-7.609235416177946,-7.602337027346953,-7.659080135665997,true,,0.592581162819405,0.0,0.300148129860511,0.0,0.0,0.0,0.0
136,0.026449708,5.894405003000001,717,0.569142614576371,0.569142614576371,-0.06909334209769191,-0.06569983037880278,-0.032019961218327286,-7.608994555841554,-7.6028273830375745,-7.65891191308987,true,,0.592581162819405,0.0,0.300148129860511,0.0,0.0,0.0,0.0
137,0.011454083,5.905859086000001,719,0.5691453404887317,0.5691453404887317,-0.06908665690641302,-0.06569216996204774,-0.032013703843527086,-7.608994550672958,-7.602828626816387,-7.6589102306719825,true,,0.592581162819405,0.0,0.300148129860511,0.0,0.0,0.0,0.0
138,0.010907917,5.916767003000001,721,0.5691723874758243,0.5691723874758243,-0.06910819010158098,-0.0655632793687172,-0.03196892701214771,-7.608970236164835,-7.603349166543708,-7.658997380849823,true,,0.592581162819405,0.0,0.300148129860511,0.0,0.0,0.0,0.0
139,0.010927958,5.927694961000001,723,0.5691740513437892,0.5691740513437892,-0.06910520542711918,-0.06555947942747153,-0.03196485117312464,-7.608970233299228,-7.6033496005131544,-7.658996092382195,true,,0.592581162819405,0.0,0.300148129860511,0.0,0.0,0.0,0.0
140,0.037856708,5.965551669000001,725,0.5691733466866447,0.5691733466866447,-0.06910527484671114,-0.06555557870986639,-0.03196669380439754,-7.60897024038582,-7.603367033228442,-7.659002311601288,true,,0.592581162819405,0.0,0.300148129860511,0.0,0.0,0.0,0.0
141,0.011635208,5.977186877000001,727,0.5691737047128648,0.5691737047128648,-0.06910805091805894,-0.06555979888320973,-0.031969334346969025,-7.608970232900167,-7.603358831132377,-7.658996883386623,true,,0.592581162819405,0.0,0.300148129860511,0.0,0.0,0.0,0.0
142,0.011120167,5.988307044000001,728,0.5691726858485906,0.5691726858485906,-0.06895389257315365,-0.06520110922811906,-0.03215398463971797,-7.608943975034642,-7.60324768064028,-7.659200537925052,true,,0.592581162819405,0.0,0.300148129860511,0.0,0.0,0.0,0.0
143,0.026448083,6.014755127000001,743,0.5690404267494494,0.5690404267494494,-0.06894889532982929,-0.06533713830012822,-0.03240604612771014,-7.608260383766016,-7.603132462317494,-7.657508893336093,true,,0.592581162819405,0.0,0.300148129860511,0.0,0.0,0.0,0.0
144,0.01152,6.026275127000001,745,0.5690418494766184,0.5690418494766184,-0.06894721358829914,-0.06533663666801837,-0.03240288251505219,-7.608260379048359,-7.603126862797063,-7.657512690886573,true,,0.592581162819405,0.0,0.300148129860511,0.0,0.0,0.0,0.0
145,0.011076083,6.037351210000001,748,0.5686530046236851,0.5686530046236851,-0.06960958476281742,-0.0651442477758446,-0.03285635825762301,-7.606235460228715,-7.602218539230562,-7.656644284267047,true,,0.592581162819405,0.0,0.300148129860511,0.0,0.0,0.0,0.0
146,0.011397959,6.048749169000001,749,0.5686589155356533,0.5686589155356533,-0.06962052965125731,-0.06513135340918241,-0.03287034000406164,-7.606234013285489,-7.602317485193291,-7.656592234715655,true,,0.592581162819405,0.0,0.300148129860511,0.0,0.0,0.0,0.0
147,0.0265455,6.075294669000001,756,0.56867758394779,0.56867758394779,-0.06974674929184466,-0.06512758745516323,-0.03357921118372342,-7.605951709771225,-7.601649581123068,-7.655868500611393,true,,0.592581162819405,0.0,0.300148129860511,0.0,0.0,0.0,0.0
148,0.011725,6.087019669000001,758,0.5686779579842293,0.5686779579842293,-0.06974515238626056,-0.06512606131984089,-0.03357733527610374,-7.605951709072621,-7.601650478608603,-7.655869937282287,true,,0.592581162819405,0.0,0.300148129860511,0.0,0.0,0.0,0.0
149,0.011157625,6.098177294000001,761,0.5686984423449678,0.5686984423449678,-0.06979331118337806,-0.0648989444490381,-0.03366373115994359,-7.605864760240016,-7.602114949145586,-7.655378734621778,true,,0.592581162819405,0.0,0.300148129860511,0.0,0.0,0.0,0.0
150,0.012729125,6.110906419000001,787,0.5685366195080772,0.5685366195080772,-0.06923004070314354,-0.06628530566986546,-0.03389398110601205,-7.6037870362494555,-7.600622959917774,-7.654392145694731,true,,0.592581162819405,0.0,0.300148129860511,0.0,0.0,0.0,0.0
151,0.011666542,6.122572961000001,790,0.5667488849900262,0.5667488849900262,-0.0680727636176901,-0.06401074801203532,-0.0332785193191909,-7.6014402487107215,-7.60166030545498,-7.65526699613215,true,,0.592581162819405,0.0,0.300148129860511,0.0,0.0,0.0,0.0
152,0.012245625,6.1348185860000015,792,0.5667508550734426,0.5667508550734426,-0.06807549866287388,-0.06401524160717253,-0.03328240708021468,-7.601440234479371,-7.601657344641183,-7.655262862021356,true,,0.592581162819405,0.0,0.300148129860511,0.0,0.0,0.0,0.0
153,0.024606417,6.159425003000002,795,0.5661076372685724,0.5661076372685724,-0.06845336073130681,-0.06618549239453597,-0.03389712212658691,-7.599098433981656,-7.600571845499473,-7.651774374832872,true,,0.592581162819405,0.0,0.300148129860511,0.0,0.0,0.0,0.0
154,0.011834292,6.171259295000001,796,0.5662916623607587,0.5662916623607587,-0.06767361158878205,-0.0664850177203915,-0.03348275751559493,-7.598913319174732,-7.601861898797628,-7.651400139924992,true,,0.592581162819405,0.0,0.300148129860511,0.0,0.0,0.0,0.0
155,0.011727917,6.182987212000001,796,0.5662964649825715,0.5662964649825715,-0.06770581238247597,-0.06652259594353349,-0.03352966551878522,-7.598913172220714,-7.601866378163917,-7.651406405458641,true,,0.592581162819405,0.0,0.300148129860511,0.0,0.0,0.0,0.0
156,0.011812625,6.1947998370000015,798,0.5662992034807758,0.5662992034807758,-0.06770097833433486,-0.06651950656512706,-0.03352956055518064,-7.598913219367857,-7.601870952304421,-7.651409308022131,true,,0.592581162819405,0.0,0.300148129860511,0.0,0.0,0.0,0.0
157,0.027050875,6.221850712000001,820,0.5658234568349317,0.5658234568349317,-0.06805428813088066,-0.06565547831178853,-0.032126087062763764,-7.597451727171687,-7.60207904375853,-7.654938824708226,true,,0.592581162819405,0.0,0.300148129860511,0.0,0.0,0.0,0.0
158,0.012650125,6.2345008370000015,822,0.5658237421123655,0.5658237421123655,-0.06805400668319428,-0.06565469203363361,-0.0321251518947282,-7.597451725612936,-7.602080833018006,-7.654939523785694,true,,0.592581162819405,0.0,0.300148129860511,0.0,0.0,0.0,0.0
159,0.012026833,6.246527670000002,823,0.5655892121816939,0.5655892121816939,-0.06824177678545462,-0.0655507175647062,-0.03204991067486662,-7.59722643919585,-7.602505773781908,-7.6549261335877725,true,,0.592581162819405,0.0,0.300148129860511,0.0,0.0,0.0,0.0
160,0.012018834,6.258546504000002,827,0.5658427339298407,0.5658427339298407,-0.06771331680300652,-0.06473287035635644,-0.03028507010555226,-7.595508196473535,-7.60073497710108,-7.651061720066225,true,,0.592581162819405,0.0,0.300148129860511,0.0,0.0,0.0,0.0
161,0.027221833,6.285768337000001,830,0.5658492784657466,0.5658492784657466,-0.06770481707972587,-0.06474196882153593,-0.030282213758333953,-7.595507608867167,-7.6007437444658725,-7.651054603889416,true,,0.592581162819405,0.0,0.300148129860511,0.0,0.0,0.0,0.0
162,0.012395916,6.298164253000001,832,0.5658488174162325,0.5658488174162325,-0.06770903061239308,-0.06474564948092132,-0.030284146146161373,-7.595507538722173,-7.600740443084978,-7.6510499256321705,true,,0.592581162819405,0.0,0.300148129860511,0.0,0.0,0.0,0.0
163,0.011981334,6.310145587000001,836,0.5658258269846441,0.5658258269846441,-0.06772024020475553,-0.06480569412118531,-0.030324605551803163,-7.595483657773345,-7.600870015071682,-7.651150279182921,true,,0.592581162819405,0.0,0.300148129860511,0.0,0.0,0.0,0.0
164,0.012292042,6.322437629000001,848,0.5658109382003778,0.5658109382003778,-0.06775787207142203,-0.06494254128145804,-0.02987934174739959,-7.5950816446303655,-7.600207323761019,-7.651826799961086,true,,0.592581162819405,0.0,0.300148129860511,0.0,0.0,0.0,0.0
165,0.01289725,6.335334879000001,850,0.5658106764805256,0.5658106764805256,-0.06775805524083778,-0.06494107349289036,-0.029877658003581553,-7.595081634552356,-7.600210776979665,-7.651828884427778,true,,0.592581162819405,0.0,0.300148129860511,0.0,0.0,0.0,0.0
166,0.012382708,6.347717587000001,859,0.565338907336697,0.565338907336697,-0.0678991500963565,-0.06505642052724869,-0.02998524543616321,-7.594842391003855,-7.600675774875403,-7.652050311796712,true,,0.592581162819405,0.0,0.300148129860511,0.0,0.0,0.0,0.0
167,0.012593333,6.360310920000001,861,0.565338907425101,0.565338907425101,-0.0678991497178475,-0.06505642052724869,-0.02998524543616321,-7.594842391003855,-7.600675774875403,-7.652050311796712,true,,0.592581162819405,0.0,0.300148129860511,0.0,0.0,0.0,0.0
168,0.012885625,6.373196545000001,863,0.5653393789509265,0.5653393789509265,-0.06790079631324486,-0.06505590072830103,-0.029986644025941978,-7.5948423648333785,-7.6006724704557405,-7.652048235518213,true,,0.592581162819405,0.0,0.300148129860511,0.0,0.0,0.0,0.0
169,0.012139709,6.385336254000001,865,0.565284949830789,0.565284949830789,-0.06786043583604673,-0.06520129619610882,-0.029905506023384154,-7.594809126585159,-7.6002476910220444,-7.652470928069606,true,,0.592581162819405,0.0,0.300148129860511,0.0,0.0,0.0,0.0
170,0.012381084,6.397717338000001,869,0.5652560695848946,0.5652560695848946,-0.06787887078304089,-0.06528899669003274,-0.02995545956623058,-7.594740911578874,-7.599672092250628,-7.652728255150437,true,,0.592581162819405,0.0,0.300148129860511,0.0,0.0,0.0,0.0
171,0.027722583,6.4254399210000015,872,0.565694954909477,0.565694954909477,-0.06803660578550441,-0.06537334553543728,-0.030341285107592597,-7.593991672256643,-7.599048011666566,-7.652319394514847,true,,0.592581162819405,0.0,0.300148129860511,0.0,0.0,0.0,0.0
172,0.01293125,6.438371171000002,874,0.5656971980668927,0.5656971980668927,-0.06803321723936928,-0.06536813395107044,-0.030337186086557777,-7.593991654485877,-7.599059597338093,-7.652322188871433,true,,0.592581162819405,0.0,0.300148129860511,0.0,0.0,0.0,0.0
173,0.025446542,6.463817713000002,876,0.5656998837111603,0.5656998837111603,-0.0680282185250124,-0.06536312925966437,-0.030326392772517696,-7.593991603056486,-7.599060283930239,-7.652329878056,true,,0.592581162819405,0.0,0.300148129860511,0.0,0.0,0.0,0.0
174,0.012367041,6.476184754000002,891,0.5653775290188526,0.5653775290188526,-0.06803919411596493,-0.06492881148931595,-0.03266355869913007,-7.593688611189702,-7.599562303064206,-7.655210304140972,true,,0.592581162819405,0.0,0.300148129860511,0.0,0.0,0.0,0.0
175,0.012659958,6.488844712000002,897,0.5653830494901566,0.5653830494901566,-0.06796471226770384,-0.06485195809459776,-0.032631195063940965,-7.593688807377337,-7.599583439477227,-7.65523558613362,true,,0.592581162819405,0.0,0.300148129860511,0.0,0.0,0.0,0.0
176,0.012769875,6.501614587000002,897,0.5653830494901566,0.5653830494901566,-0.06796471226770384,-0.06485195809459776,-0.032631195063940965,-7.593688807377337,-7.599583439477227,-7.65523558613362,true,,0.592581162819405,0.0,0.300148129860511,0.0,0.0,0.0,0.0
177,0.012461125,6.514075712000002,899,0.5653830494901566,0.5653830494901566,-0.06796471226770384,-0.06485195809459776,-0.032631195063940965,-7.593688807377337,-7.599583439477227,-7.65523558613362,true,,0.592581162819405,0.0,0.300148129860511,0.0,0.0,0.0,0.0
178,0.012674834,6.526750546000002,903,0.5652760672391703,0.5652760672391703,-0.0678945640512264,-0.06460665803346788,-0.032555905526810425,-7.593514231928234,-7.600056194197394,-7.65527224829729,true,,0.592581162819405,0.0,0.300148129860511,0.0,0.0,0.0,0.0
179,0.012551917,6.539302463000002,905,0.5652760672391703,0.5652760672391703,-0.0678945640512264,-0.06460665803346788,-0.032555905526810425,-7.593514231928234,-7.600056194197394,-7.65527224829729,true,,0.592581162819405,0.0,0.300148129860511,0.0,0.0,0.0,0.0
180,0.012816834,6.552119297000002,906,0.5652376680794414,0.5652376680794414,-0.06794813039799386,-0.06471841071906281,-0.03244177089106692,-7.593298762543276,-7.600107373337269,-7.654974867002542,true,,0.592581162819405,0.0,0.300148129860511,0.0,0.0,0.0,0.0
181,0.012911208,6.565030505000002,909,0.5651680205654114,0.5651680205654114,-0.06836139057569435,-0.06607161695299457,-0.03376360190451699,-7.591827341203986,-7.595912876231855,-7.65094186132309,true,,0.592581162819405,0.0,0.300148129860511,0.0,0.0,0.0,0.0
182,0.013118917,6.578149422000002,911,0.565167686702451,0.565167686702451,-0.06836281823783774,-0.06607376025280642,-0.033764269354182974,-7.591827340598213,-7.595911558536927,-7.650943730189632,true,,0.592581162819405,0.0,0.300148129860511,0.0,0.0,0.0,0.0
183,0.012771542,6.590920964000002,926,0.5651137369440822,0.5651137369440822,-0.06835880961782237,-0.06614570915497997,-0.03380351411854454,-7.591782851367542,-7.595456443074273,-7.650867782551006,true,,0.592581162819405,0.0,0.300148129860511,0.0,0.0,0.0,0.0
184,0.013102083,6.604023047000002,938,0.5651229991040938,0.5651229991040938,-0.06783785299956935,-0.06573517050441458,-0.034402252585608584,-7.590552549328848,-7.594350916210091,-7.650450614524488,true,,0.592581162819405,0.0,0.300148129860511,0.0,0.0,0.0,0.0
185,0.013148167,6.617171214000002,940,0.5651229990023235,0.5651229990023235,-0.06783785412458199,-0.06573517398780293,-0.03440225490162485,-7.590552549328848,-7.594350916210091,-7.650450614524488,true,,0.592581162819405,0.0,0.300148129860511,0.0,0.0,0.0,0.0
186,0.013705542,6.630876756000002,942,0.5651241193912069,0.5651241193912069,-0.0678392324097078,-0.06573557614982384,-0.034400994661043516,-7.590552538856633,-7.594344415620812,-7.650445334051661,true,,0.592581162819405,0.0,0.300148129860511,0.0,0.0,0.0,0.0
187,0.013146333,6.644023089000002,944,0.5650611734651495,0.5650611734651495,-0.0678071109472399,-0.06555657348358257,-0.03444037187531579,-7.590355459461772,-7.59481762716434,-7.650211241493737,true,,0.592581162819405,0.0,0.300148129860511,0.0,0.0,0.0,0.0
188,0.013031417,6.6570545060000015,946,0.5650688531011869,0.5650688531011869,-0.06779527449510381,-0.06555161695532663,-0.03443127489505693,-7.590355393714873,-7.594813371435014,-7.650206700345635,true,,0.592581162819405,0.0,0.300148129860511,0.0,0.0,0.0,0.0
189,0.013009916,6.670064422000001,948,0.5650703658225104,0.5650703658225104,-0.06779702060961734,-0.06554234323864527,-0.034430354912359684,-7.590355403802051,-7.594795759468716,-7.650198491025572,true,,0.592581162819405,0.0,0.300148129860511,0.0,0.0,0.0,0.0
190,0.013566916,6.683631338000001,950,0.5650703661699231,0.5650703661699231,-0.06779702003343091,-0.06554234250408097,-0.034430354912359684,-7.590355403802051,-7.594795759468716,-7.650198491025572,true,,0.592581162819405,0.0,0.300148129860511,0.0,0.0,0.0,0.0
191,0.013313458,6.696944796000001,952,0.565070365604122,0.565070365604122,-0.06779702157810086,-0.06554235047935031,-0.03443036044172132,-7.590355403802051,-7.594795759468716,-7.650198491025572,true,,0.592581162819405,0.0,0.300148129860511,0.0,0.0,0.0,0.0
192,0.013786625,6.710731421000001,954,0.5650694150163807,0.5650694150163807,-0.06780179660341001,-0.06554988281629626,-0.03443708832771508,-7.590355399292477,-7.594799764652524,-7.650202196808218,true,,0.592581162819405,0.0,0.300148129860511,0.0,0.0,0.0,0.0
193,0.028301417,6.739032838000001,958,0.5650732126153137,0.5650732126153137,-0.06780945578449249,-0.06556080923788288,-0.034455300692980195,-7.590355328579428,-7.594791813614168,-7.650205266930128,true,,0.592581162819405,0.0,0.300148129860511,0.0,0.0,0.0,0.0
194,0.0130765,6.752109338000001,960,0.5649860307025004,0.5649860307025004,-0.06786413638799638,-0.06539615082612615,-0.03525485605722267,-7.59017601840355,-7.595456809607766,-7.648692898668482,true,,0.592581162819405,0.0,0.300148129860511,0.0,0.0,0.0,0.0
195,0.01345125,6.765560588000001,963,0.5651563760887535,0.5651563760887535,-0.06802025700849568,-0.06597991108283463,-0.03610900998719213,-7.589946734647232,-7.595080900114666,-7.649753028983251,true,,0.592581162819405,0.0,0.300148129860511,0.0,0.0,0.0,0.0
196,0.01404325,6.779603838000002,965,0.5651567321117745,0.5651567321117745,-0.06802890896801361,-0.06598880574794885,-0.036114397172837376,-7.58994673241135,-7.595080840253867,-7.649754371636603,true,,0.592581162819405,0.0,0.300148129860511,0.0,0.0,0.0,0.0
197,0.028640458,6.808244296000002,976,0.5645418318951286,0.5645418318951286,-0.0682763473732294,-0.06587037930154505,-0.03504261325946689,-7.588127546824317,-7.596041700133492,-7.652200320293244,true,,0.592581162819405,0.0,0.300148129860511,0.0,0.0,0.0,0.0
198,0.013937292,6.822181588000001,978,0.564541875648136,0.564541875648136,-0.06827633322120052,-0.06587077282766574,-0.03504270930859388,-7.588127544282726,-7.596040823635677,-7.65220018273991,true,,0.592581162819405,0.0,0.300148129860511,0.0,0.0,0.0,0.0
199,0.013501833,6.8356834210000015,981,0.5631622985648758,0.5631622985648758,-0.06878361394305188,-0.06472971150668616,-0.03465816500505858,-7.585863196688383,-7.593981572126397,-7.650167703043419,true,,0.592581162819405,0.0,0.300148129860511,0.0,0.0,0.0,0.0
200,0.013551541,6.8492349620000015,983,0.5631622983236919,0.5631622983236919,-0.06878361468014138,-0.06472971402519223,-0.034658166574835,-7.585863196688383,-7.593981572126397,-7.650167703043419,true,,0.592581162819405,0.0,0.300148129860511,0.0,0.0,0.0,0.0
201,0.013733833,6.862968795000001,985,0.5631622987166459,0.5631622987166459,-0.06878361450851134,-0.06472971402519223,-0.034658166574835,-7.585863196688383,-7.593981572126397,-7.650167703043419,true,,0.592581162819405,0.0,0.300148129860511,0.0,0.0,0.0,0.0
202,0.014116334,6.877085129000001,987,0.5631653089546249,0.5631653089546249,-0.06877512266177133,-0.06472177323771133,-0.03465343211745231,-7.585863190308462,-7.593984929006599,-7.6501644749458215,true,,0.592581162819405,0.0,0.300148129860511,0.0,0.0,0.0,0.0
203,0.013774791,6.890859920000001,989,0.5631632390797612,0.5631632390797612,-0.0687765737967263,-0.06473030589418893,-0.03465491052239511,-7.585863287055931,-7.593959245538804,-7.65016140438674,true,,0.592581162819405,0.0,0.300148129860511,0.0,0.0,0.0,0.0
204,0.013905542,6.904765462000001,991,0.56316646096207,0.56316646096207,-0.06877304243443472,-0.06472032620433232,-0.034653385928222424,-7.58586320724773,-7.593978144632621,-7.650163965714928,true,,0.592581162819405,0.0,0.300148129860511,0.0,0.0,0.0,0.0
205,0.013569375,6.9183348370000015,994,0.5628018088570602,0.5628018088570602,-0.06891646313279609,-0.06532386866187256,-0.033825748910575215,-7.585019084098982,-7.592158235331668,-7.652633328626319,true,,0.592581162819405,0.0,0.300148129860511,0.0,0.0,0.0,0.0
206,0.014379417,6.932714254000001,996,0.5628002161571602,0.5628002161571602,-0.06891494091573835,-0.06533233593190768,-0.0338262279032473,-7.585019081565692,-7.59215919636161,-7.652636535010541,true,,0.592581162819405,0.0,0.300148129860511,0.0,0.0,0.0,0.0
207,0.013791084,6.9465053380000015,1001,0.5626288918293154,0.5626288918293154,-0.06902953644781229,-0.06615701100079652,-0.032034277095990826,-7.584752380574499,-7.592105961093664,-7.655421571470069,true,,0.592581162819405,0.0,0.300148129860511,0.0,0.0,0.0,0.0
208,0.03961575,6.986121088000002,1021,0.562481960905894,0.562481960905894,-0.06892603901602679,-0.0658534461059046,-0.03238483241315093,-7.584633839378593,-7.592576853312926,-7.65568694881162,true,,0.592581162819405,0.0,0.300148129860511,0.0,0.0,0.0,0.0
209,0.014454042,7.000575130000001,1023,0.562485997320245,0.562485997320245,-0.06892519357625793,-0.065842109893399,-0.032376373482573606,-7.584633805166382,-7.592579089188218,-7.655689689771497,true,,0.592581162819405,0.0,0.300148129860511,0.0,0.0,0.0,0.0
210,0.0139065,7.0144816300000015,1026,0.5625069573494331,0.5625069573494331,-0.06892693700948904,-0.06575352234496046,-0.03236294377827387,-7.584624834402703,-7.592882739186354,-7.655654275856755,true,,0.592581162819405,0.0,0.300148129860511,0.0,0.0,0.0,0.0
211,0.013674958,7.028156588000002,1028,0.5625062574859607,0.5625062574859607,-0.06893238094068277,-0.06575725097350604,-0.03236368697915071,-7.58462478725556,-7.5928781650458514,-7.6556513732932645,true,,0.592581162819405,0.0,0.300148129860511,0.0,0.0,0.0,0.0
212,0.029426083,7.057582671000001,1031,0.5623753974969808,0.5623753974969808,-0.0690053377723916,-0.06564271818117007,-0.032368761370767496,-7.584352112706317,-7.593173269253391,-7.656242610238363,true,,0.592581162819405,0.0,0.300148129860511,0.0,0.0,0.0,0.0
213,0.014410583,7.0719932540000014,1033,0.5623755008440842,0.5623755008440842,-0.0690146400187498,-0.0656468838298101,-0.03237682154432231,-7.584352044576584,-7.5931666852237,-7.656243468049644,true,,0.592581162819405,0.0,0.300148129860511,0.0,0.0,0.0,0.0
214,0.014198667,7.086191921000001,1036,0.5623188834058261,0.5623188834058261,-0.06911952373830021,-0.06616490586233725,-0.03238988361381523,-7.583989942017546,-7.592962115559748,-7.655939019142661,true,,0.592581162819405,0.0,0.300148129860511,0.0,0.0,0.0,0.0
215,0.014024417,7.100216338000001,1040,0.5621569347582241,0.5621569347582241,-0.06944217737715586,-0.06654466783187674,-0.03317376225596713,-7.583961800951133,-7.592899589360562,-7.656423339869221,true,,0.592581162819405,0.0,0.300148129860511,0.0,0.0,0.0,0.0
216,0.014461292,7.114677630000001,1071,0.561637843243806,0.561637843243806,-0.06674555661625425,-0.06505200901822228,-0.03042119259373588,-7.582583601694214,-7.593034492987257,-7.656484858417067,true,,0.592581162819405,0.0,0.300148129860511,0.0,0.0,0.0,0.0
217,0.014903166,7.129580796000001,1073,0.5616331541054129,0.5616331541054129,-0.06678547638729071,-0.06509789299579805,-0.030457397650462625,-7.58258354297555,-7.593029662636197,-7.656477212205066,true,,0.592581162819405,0.0,0.300148129860511,0.0,0.0,0.0,0.0
218,0.014327625,7.143908421000001,1076,0.5616290075296995,0.5616290075296995,-0.06683635700017865,-0.0651250037717549,-0.03020325528741219,-7.58251592471784,-7.592600277464489,-7.656855854130002,true,,0.592581162819405,0.0,0.300148129860511,0.0,0.0,0.0,0.0
219,0.015120583,7.159029004000001,1078,0.5616278189306431,0.5616278189306431,-0.06683920929902232,-0.06512655782256427,-0.030215286030496502,-7.5825158751133745,-7.592602879270409,-7.656835418233071,true,,0.592581162819405,0.0,0.300148129860511,0.0,0.0,0.0,0.0
220,0.029877459,7.188906463,1081,0.5618543903665543,0.5618543903665543,-0.06332546699427088,-0.06146167103049194,-0.029395872652505206,-7.581078894606381,-7.590110440464794,-7.653886105606292,true,,0.592581162819405,0.0,0.300148129860511,0.0,0.0,0.0,0.0
221,0.014364333,7.203270796,1083,0.5618606224790189,0.5618606224790189,-0.06338535196982298,-0.061522904033761594,-0.029489092132133132,-7.581078209897735,-7.590109180710903,-7.65387269064857,true,,0.592581162819405,0.0,0.300148129860511,0.0,0.0,0.0,0.0
222,0.014523209,7.217794005,1084,0.5618201196694852,0.5618201196694852,-0.06330497788153899,-0.062240465686409396,-0.029659685024368665,-7.5808340555926454,-7.5895836714498675,-7.653458498978093,true,,0.592581162819405,0.0,0.300148129860511,0.0,0.0,0.0,0.0
223,0.014616542,7.232410547,1086,0.5618285533592989,0.5618285533592989,-0.06329309241946235,-0.06221562858571461,-0.029647530228014696,-7.580833852635642,-7.589593964904656,-7.653475363879642,true,,0.592581162819405,0.0,0.300148129860511,0.0,0.0,0.0,0.0
224,0.029844209,7.262254756,1097,0.5613977947662774,0.5613977947662774,-0.06252409309857654,-0.059968855497581464,-0.028239823822604482,-7.579742807241679,-7.587836498174809,-7.653351114043811,true,,0.592581162819405,0.0,0.300148129860511,0.0,0.0,0.0,0.0
225,0.043547,7.305801756,1097,0.5613977947662774,0.5613977947662774,-0.06252409309857654,-0.059968855497581464,-0.028239823822604482,-7.579742807241679,-7.587836498174809,-7.653351114043811,true,,0.592581162819405,0.0,0.300148129860511,0.0,0.0,0.0,0.0
226,0.014408334,7.32021009,1099,0.5613977947662774,0.5613977947662774,-0.06252409309857654,-0.059968855497581464,-0.028239823822604482,-7.579742807241679,-7.587836498174809,-7.653351114043811,true,,0.592581162819405,0.0,0.300148129860511,0.0,0.0,0.0,0.0
227,0.030006375,7.350216465,1102,0.5611335792543244,0.5611335792543244,-0.06227854921211751,-0.05961702655127277,-0.028178745099029734,-7.579100224500758,-7.587324785309989,-7.650915555192869,true,,0.592581162819405,0.0,0.300148129860511,0.0,0.0,0.0,0.0
228,0.015175791,7.365392256,1104,0.5611342530880893,0.5611342530880893,-0.06228067952880456,-0.059612039838974895,-0.02818469889949826,-7.579100197395971,-7.58731117692427,-7.650922211852097,true,,0.592581162819405,0.0,0.300148129860511,0.0,0.0,0.0,0.0
229,0.015176541,7.380568797,1106,0.5611340081621733,0.5611340081621733,-0.06227533592088119,-0.05960796746773356,-0.028178735223186813,-7.579100189298098,-7.587316232965294,-7.6509173345701464,true,,0.592581162819405,0.0,0.300148129860511,0.0,0.0,0.0,0.0
230,0.014786792,7.395355588999999,1106,0.5611340081621733,0.5611340081621733,-0.06227533592088119,-0.05960796746773356,-0.028178735223186813,-7.579100189298098,-7.587316232965294,-7.6509173345701464,true,,0.592581162819405,0.0,0.300148129860511,0.0,0.0,0.0,0.0
231,0.014502375,7.4098579639999995,1110,0.5610312406601669,0.5610312406601669,-0.06237901656385336,-0.05997681333978988,-0.028313559570757763,-7.579080308075252,-7.587491799439071,-7.651166944770746,true,,0.592581162819405,0.0,0.300148129860511,0.0,0.0,0.0,0.0
232,0.015169,7.425026964,1131,0.5610908998081288,0.5610908998081288,-0.0625035978262185,-0.060041467615564836,-0.028070343801790743,-7.578818588836069,-7.586898168233537,-7.650465414301107,true,,0.592581162819405,0.0,0.300148129860511,0.0,0.0,0.0,0.0
233,0.015691625,7.440718588999999,1133,0.5610891435822435,0.5610891435822435,-0.06250782235943442,-0.060045094028263746,-0.028077837961255292,-7.578818482582743,-7.586900940784955,-7.650472876283997,true,,0.592581162819405,0.0,0.300148129860511,0.0,0.0,0.0,0.0
234,0.015232417,7.455951005999999,1136,0.5610726926791638,0.5610726926791638,-0.062574515052093,-0.06012249849712836,-0.028101333115901794,-7.578477373728337,-7.586843260962679,-7.650124136132384,true,,0.592581162819405,0.0,0.300148129860511,0.0,0.0,0.0,0.0
235,0.014805792,7.470756797999999,1138,0.5610673224721173,0.5610673224721173,-0.0625783251231381,-0.06008346263150255,-0.028182714540507803,-7.578423453528758,-7.587151944491528,-7.649566868581132,true,,0.592581162819405,0.0,0.300148129860511,0.0,0.0,0.0,0.0
236,0.014810416,7.485567214,1139,0.561117447237587,0.561117447237587,-0.0625430426489384,-0.05960807729369688,-0.02846701904313298,-7.578391058565894,-7.5873456386493165,-7.649206815259819,true,,0.592581162819405,0.0,0.300148129860511,0.0,0.0,0.0,0.0
237,0.014728375,7.500295588999999,1141,0.561117447237587,0.561117447237587,-0.0625430426489384,-0.05960807729369688,-0.02846701904313298,-7.578391058565894,-7.5873456386493165,-7.649206815259818,true,,0.592581162819405,0.0,0.300148129860511,0.0,0.0,0.0,0.0
238,0.038001833,7.538297421999999,1142,0.5611680683775927,0.5611680683775927,-0.06230968322783348,-0.05919513144164601,-0.02895577346943201,-7.578101558563171,-7.586927218442899,-7.650158907848882,true,,0.592581162819405,0.0,0.300148129860511,0.0,0.0,0.0,0.0
239,0.030305042,7.568602464,1145,0.5610065277437645,0.5610065277437645,-0.06228524098113686,-0.05891545599819492,-0.0291693987886249,-7.577863956491181,-7.588720026076221,-7.64988793806284,true,,0.592581162819405,0.0,0.300148129860511,0.0,0.0,0.0,0.0
240,0.01531775,7.583920214,1147,0.5610059847376113,0.5610059847376113,-0.062282412785953034,-0.05891257124466276,-0.029169679987957053,-7.577863939479353,-7.588721286727972,-7.6498796920873,true,,0.592581162819405,0.0,0.300148129860511,0.0,0.0,0.0,0.0
241,0.015132209,7.599052423,1150,0.561014952665791,0.561014952665791,-0.06228227882270021,-0.05892842119375319,-0.029150728988300068,-7.577862212046763,-7.588686021905431,-7.649950636290173,true,,0.592581162819405,0.0,0.300148129860511,0.0,0.0,0.0,0.0
242,0.015190666,7.6142430889999995,1155,0.5596318901216845,0.5596318901216845,-0.061783962467310216,-0.05880454537334867,-0.030029354218131354,-7.575982801604817,-7.589230333270549,-7.652583229639824,true,,0.592581162819405,0.0,0.300148129860511,0.0,0.0,0.0,0.0
243,0.030545542,7.644788630999999,1157,0.5596318897183434,0.5596318897183434,-0.06178396115304308,-0.05880454363165455,-0.030029352644988183,-7.575982801604817,-7.589230333270549,-7.652583229639824,true,,0.592581162819405,0.0,0.300148129860511,0.0,0.0,0.0,0.0
244,0.015736709,7.660525339999999,1159,0.5596308521512892,0.5596308521512892,-0.061791034073711115,-0.05881637745171109,-0.03003616256305064,-7.575982767438136,-7.589236583780712,-7.65259109699282,true,,0.592581162819405,0.0,0.300148129860511,0.0,0.0,0.0,0.0
245,0.015266875,7.675792214999999,1161,0.5596308521512892,0.5596308521512892,-0.061791034073711115,-0.05881637745171109,-0.03003616256305064,-7.575982767438136,-7.589236583780712,-7.65259109699282,true,,0.592581162819405,0.0,0.300148129860511,0.0,0.0,0.0,0.0
246,0.015054833,7.690847047999998,1163,0.5596308521512892,0.5596308521512892,-0.061791034073711115,-0.05881637745171109,-0.03003616256305064,-7.575982767438136,-7.589236583780712,-7.65259109699282,true,,0.592581162819405,0.0,0.300148129860511,0.0,0.0,0.0,0.0
247,0.015189792,7.7060368399999986,1165,0.5596308521512892,0.5596308521512892,-0.061791034073711115,-0.05881637745171109,-0.03003616256305064,-7.575982767438136,-7.589236583780712,-7.65259109699282,true,,0.592581162819405,0.0,0.300148129860511,0.0,0.0,0.0,0.0
248,0.015292208,7.7213290479999985,1168,0.5593638914590603,0.5593638914590603,-0.06189052467689382,-0.05925336696966621,-0.029845032054275356,-7.5756217378870225,-7.589024391463012,-7.652188643121041,true,,0.592581162819405,0.0,0.300148129860511,0.0,0.0,0.0,0.0
249,0.015767,7.737096047999999,1170,0.5593643410251427,0.5593643410251427,-0.06189054434884478,-0.05925292358755008,-0.02984586595122285,-7.57562173566039,-7.589021682156918,-7.652186445164954,true,,0.592581162819405,0.0,0.300148129860511,0.0,0.0,0.0,0.0
250,0.015228875,7.752324922999999,1170,0.5593643410251427,0.5593643410251427,-0.06189054434884478,-0.05925292358755008,-0.02984586595122285,-7.57562173566039,-7.589021682156918,-7.652186445164954,true,,0.592581162819405,0.0,0.300148129860511,0.0,0.0,0.0,0.0
251,0.015058792,7.7673837149999985,1171,0.559306020533323,0.559306020533323,-0.06179022982669724,-0.0601566010714395,-0.03054347988514894,-7.575498505136246,-7.588053741891759,-7.65161316744227,true,,0.592581162819405,0.0,0.300148129860511,0.0,0.0,0.0,0.0
252,0.015335667,7.782719381999999,1173,0.5592993171297493,0.5592993171297493,-0.061809081460571624,-0.06018368925094175,-0.030571507217999505,-7.575498693946507,-7.588045307068449,-7.651604402105267,true,,0.592581162819405,0.0,0.300148129860511,0.0,0.0,0.0,0.0
253,0.015372042,7.798091423999999,1175,0.5592993168624943,0.5592993168624943,-0.06180908310982858,-0.06018369113326272,-0.03057151063284902,-7.575498693946507,-7.588045307068449,-7.651604402105267,true,,0.592581162819405,0.0,0.300148129860511,0.0,0.0,0.0,0.0
254,0.01555575,7.813647173999999,1189,0.5589057742895355,0.5589057742895355,-0.06187920663507995,-0.06103190756424204,-0.02989959455386193,-7.574562733313187,-7.58768378145192,-7.653611133671234,true,,0.592581162819405,0.0,0.300148129860511,0.0,0.0,0.0,0.0
255,0.016017541,7.829664714999999,1191,0.5589114170915988,0.5589114170915988,-0.061863459876661975,-0.061019214181914694,-0.029884272399720135,-7.574562687027982,-7.587672145147583,-7.653590346145059,true,,0.592581162819405,0.0,0.300148129860511,0.0,0.0,0.0,0.0
256,0.015366458,7.845031172999999,1194,0.5586691650854938,0.5586691650854938,-0.0623337203420532,-0.06092199571641921,-0.030408351832305502,-7.57399401522758,-7.585580615691987,-7.65274631680818,true,true,0.592581162819405,0.0,0.300148129860511,0.0,0.0,0.0,0.0
257,0.015588166,7.8606193389999985,1196,0.5584361665462894,0.5584361665462894,-0.06240006520076202,-0.06063994675505391,-0.030456423218658157,-7.57370874074554,-7.5860626190221065,-7.651809867641934,true,,0.592581162819405,0.0,0.300148129860511,0.0,0.0,0.0,0.0
258,0.030928208,7.891547546999998,1198,0.5584361665462894,0.5584361665462894,-0.06240006520076202,-0.06063994675505391,-0.030456423218658157,-7.57370874074554,-7.5860626190221065,-7.651809867641934,true,,0.592581162819405,0.0,0.300148129860511,0.0,0.0,0.0,0.0
259,0.01597725,7.907524796999998,1200,0.5584387451554523,0.5584387451554523,-0.062397313606326055,-0.06063671317888464,-0.03045229081203049,-7.573708711544032,-7.5860704979043625,-7.651817905592415,true,,0.592581162819405,0.0,0.300148129860511,0.0,0.0,0.0,0.0
260,0.015687792,7.923212588999998,1204,0.5586032446791772,0.5586032446791772,-0.062467377494164644,-0.060723992473103006,-0.030536813650497097,-7.573507713751344,-7.5862742451897915,-7.651750530163446,true,,0.592581162819405,0.0,0.300148129860511,0.0,0.0,0.0,0.0
261,0.01577225,7.938984838999998,1212,0.5587572461258721,0.5587572461258721,-0.06250497799453081,-0.060806928078833256,-0.03083414451660882,-7.573369852789111,-7.585773584809022,-7.651215123080106,true,,0.592581162819405,0.0,0.300148129860511,0.0,0.0,0.0,0.0
262,0.016001458,7.954986296999998,1214,0.55875693657637,0.55875693657637,-0.06250441281496188,-0.06080658244930226,-0.030834514248939793,-7.573369850747892,-7.585770577940959,-7.651213590052244,true,,0.592581162819405,0.0,0.300148129860511,0.0,0.0,0.0,0.0
263,0.015932125,7.970918421999998,1220,0.5577957236667519,0.5577957236667519,-0.061956753745614934,-0.06083314069697532,-0.031575509098452414,-7.571691286030993,-7.585584288999082,-7.649906438777248,true,,0.592581162819405,0.0,0.300148129860511,0.0,0.0,0.0,0.0
264,0.031384792,8.002303213999998,1231,0.5578267514170491,0.5578267514170491,-0.06225080013398476,-0.059038300999360804,-0.03273705779992464,-7.571206869173087,-7.58815104546008,-7.65020737825171,true,,0.592581162819405,0.0,0.300148129860511,0.0,0.0,0.0,0.0
265,0.016284667,8.018587880999998,1233,0.5578318301545845,0.5578318301545845,-0.06224005006714173,-0.05900730773183427,-0.03271463593364421,-7.571206648958819,-7.5881951151231695,-7.650238128496261,true,,0.592581162819405,0.0,0.300148129860511,0.0,0.0,0.0,0.0
266,0.015798959,8.034386839999998,1235,0.5578316311362266,0.5578316311362266,-0.06224243449275502,-0.05899693782880666,-0.03272467982002314,-7.57120658608529,-7.588209133388086,-7.650235676206271,true,,0.592581162819405,0.0,0.300148129860511,0.0,0.0,0.0,0.0
267,0.016234792,8.050621631999999,1237,0.5578296208057886,0.5578296208057886,-0.0622454962187583,-0.05899937847451686,-0.03272628353018514,-7.571206618436611,-7.5882211570888956,-7.650239766453046,true,,0.592581162819405,0.0,0.300148129860511,0.0,0.0,0.0,0.0
268,0.016453791,8.067075422999999,1239,0.5578313122071831,0.5578313122071831,-0.062242458492587804,-0.058997008173898746,-0.03272451636608342,-7.5712065868438865,-7.588210442743539,-7.650236223301415,true,,0.592581162819405,0.0,0.300148129860511,0.0,0.0,0.0,0.0
269,0.016276458,8.083351880999999,1250,0.5577889149105705,0.5577889149105705,-0.06224922658651688,-0.05903063159475508,-0.03286356627060982,-7.571187230929612,-7.588142595653027,-7.650241493779093,true,,0.592581162819405,0.0,0.300148129860511,0.0,0.0,0.0,0.0
270,0.016626458,8.099978338999998,1252,0.5577881086267514,0.5577881086267514,-0.06224584008616285,-0.05903786105182662,-0.032852176901335906,-7.571187132978382,-7.588119423912361,-7.65024090289825,true,,0.592581162819405,0.0,0.300148129860511,0.0,0.0,0.0,0.0
271,0.031444667,8.131423005999999,1254,0.5577881086267514,0.5577881086267514,-0.06224584008616285,-0.05903786105182662,-0.032852176901335906,-7.571187132978382,-7.588119423912361,-7.65024090289825,true,,0.592581162819405,0.0,0.300148129860511,0.0,0.0,0.0,0.0
272,0.016860834,8.148283839999998,1256,0.557787559848214,0.557787559848214,-0.06224300224425805,-0.05903600302700496,-0.03284832287549233,-7.571187047930079,-7.588117592048881,-7.6502417288488775,true,,0.592581162819405,0.0,0.300148129860511,0.0,0.0,0.0,0.0
273,0.016258375,8.164542214999997,1258,0.557879509289361,0.557879509289361,-0.062241137749934894,-0.058613311269976265,-0.03260243046823452,-7.571054254806421,-7.588081784905295,-7.649275253703876,true,,0.592581162819405,0.0,0.300148129860511,0.0,0.0,0.0,0.0
274,0.016215083,8.180757297999998,1258,0.557879509289361,0.557879509289361,-0.062241137749934894,-0.058613311269976265,-0.03260243046823452,-7.571054254806421,-7.588081784905295,-7.649275253703876,true,,0.592581162819405,0.0,0.300148129860511,0.0,0.0,0.0,0.0
275,0.016374125,8.197131422999998,1259,0.5578859042439935,0.5578859042439935,-0.06229044979305631,-0.05863592351974356,-0.0324232546418709,-7.571031069909551,-7.587981825018785,-7.649234750118958,true,,0.592581162819405,0.0,0.300148129860511,0.0,0.0,0.0,0.0
276,0.016495209,8.213626631999999,1261,0.5578859294671067,0.5578859294671067,-0.06229238742212362,-0.05863118279925994,-0.03243319816799195,-7.571031022948652,-7.587976090044774,-7.64923937607533,true,,0.592581162819405,0.0,0.300148129860511,0.0,0.0,0.0,0.0
277,0.016204959,8.229831590999998,1263,0.5578859302654409,0.5578859302654409,-0.06229238487219224,-0.05863117776224769,-0.03243319273234824,-7.571031022948652,-7.587976090044774,-7.64923937607533,true,,0.592581162819405,0.0,0.300148129860511,0.0,0.0,0.0,0.0
278,0.016692958,8.246524548999998,1265,0.5578854852463344,0.5578854852463344,-0.062298254470464554,-0.058614024827033706,-0.03242350533164995,-7.57103085839373,-7.587981775608813,-7.649248822848838,true,,0.592581162819405,0.0,0.300148129860511,0.0,0.0,0.0,0.0
279,0.0163325,8.262857048999999,1267,0.5578854854766777,0.5578854854766777,-0.06229825356624874,-0.058614023230480705,-0.03242350528795146,-7.57103085839373,-7.587981775608813,-7.649248822848838,true,,0.592581162819405,0.0,0.300148129860511,0.0,0.0,0.0,0.0
280,0.016658583,8.279515631999999,1269,0.5578907234364416,0.5578907234364416,-0.06229037823815864,-0.0586105169582235,-0.03241812979237224,-7.571030695361423,-7.587992074570152,-7.649238973256427,true,,0.592581162819405,0.0,0.300148129860511,0.0,0.0,0.0,0.0
281,0.016526834,8.296042466,1276,0.5579209304788206,0.5579209304788206,-0.0623060921106291,-0.05854498165129296,-0.03235188158941904,-7.570970139101269,-7.588055062240863,-7.649463859470553,true,,0.592581162819405,0.0,0.300148129860511,0.0,0.0,0.0,0.0
282,0.016439042,8.312481508,1278,0.557920930351409,0.557920930351409,-0.0623060924891381,-0.05854498165129296,-0.03235188089024432,-7.570970139101269,-7.588055062240863,-7.649463859470553,true,,0.592581162819405,0.0,0.300148129860511,0.0,0.0,0.0,0.0
283,0.016753167,8.329234674999999,1280,0.5579202402959184,0.5579202402959184,-0.06230531546415796,-0.0585448799557059,-0.032346014005933066,-7.570970077004009,-7.5880451609805,-7.649486321414466,true,,0.592581162819405,0.0,0.300148129860511,0.0,0.0,0.0,0.0
284,0.031712042,8.360946717,1290,0.5578914749556632,0.5578914749556632,-0.06232268715586753,-0.05840661583046869,-0.0323616515728995,-7.570922631048236,-7.587490892032081,-7.64955528966185,true,,0.592581162819405,0.0,0.300148129860511,0.0,0.0,0.0,0.0
285,0.016518667,8.377465383999999,1292,0.5578914748853063,0.5578914748853063,-0.06232268820728126,-0.058406617088358925,-0.0323616527964552,-7.570922631048236,-7.587490892032081,-7.64955528966185,true,,0.592581162819405,0.0,0.300148129860511,0.0,0.0,0.0,0.0
286,0.016360958,8.393826341999999,1292,0.5578914748853063,0.5578914748853063,-0.06232268820728126,-0.058406617088358925,-0.0323616527964552,-7.570922631048236,-7.587490892032081,-7.64955528966185,true,,0.592581162819405,0.0,0.300148129860511,0.0,0.0,0.0,0.0
287,0.016223041,8.410049382999999,1294,0.5578914748853063,0.5578914748853063,-0.06232268820728126,-0.058406617088358925,-0.0323616527964552,-7.570922631048236,-7.587490892032081,-7.64955528966185,true,,0.592581162819405,0.0,0.300148129860511,0.0,0.0,0.0,0.0
288,0.016623792,8.426673175,1296,0.5578914730403483,0.5578914730403483,-0.06232268926658058,-0.05840661645941381,-0.032361651944336045,-7.570922631048236,-7.587490892032081,-7.64955528966185,true,,0.592581162819405,0.0,0.300148129860511,0.0,0.0,0.0,0.0
289,0.016709958,8.443383133,1298,0.5578914225497309,0.5578914225497309,-0.06232493649916093,-0.058407496184298746,-0.03236423727395399,-7.570922630163109,-7.587486498424573,-7.649556449917479,true,,0.592581162819405,0.0,0.300148129860511,0.0,0.0,0.0,0.0
290,0.017037875,8.460421007999999,1300,0.557895769899985,0.557895769899985,-0.062332056494250554,-0.05841120819417922,-0.032362321338581634,-7.57092255925684,-7.5874921913863655,-7.649549549669029,true,,0.592581162819405,0.0,0.300148129860511,0.0,0.0,0.0,0.0
291,0.016373958,8.476794966,1301,0.5578059688299335,0.5578059688299335,-0.06239730744502148,-0.05828543349171067,-0.032349524376477756,-7.5707520250805,-7.587986491693177,-7.649765803581253,true,,0.592581162819405,0.0,0.300148129860511,0.0,0.0,0.0,0.0
292,0.016567917,8.493362883,1303,0.557805795340663,0.557805795340663,-0.0623983491857526,-0.05828549899876345,-0.03235028499117498,-7.5707520329885085,-7.587987469766843,-7.6497680362284255,true,,0.592581162819405,0.0,0.300148129860511,0.0,0.0,0.0,0.0
293,0.016976041,8.510338924,1305,0.5578057780278894,0.5578057780278894,-0.06239759770224074,-0.05828712194325314,-0.032351617552641265,-7.57075201790925,-7.587980806944036,-7.649754440142156,true,,0.592581162819405,0.0,0.300148129860511,0.0,0.0,0.0,0.0
294,0.01687,8.527208924,1307,0.5578050857579978,0.5578050857579978,-0.062396603264613715,-0.05828523660769935,-0.03234934969204417,-7.570751983010463,-7.587977344687127,-7.649761357120543,true,,0.592581162819405,0.0,0.300148129860511,0.0,0.0,0.0,0.0
295,0.031586291,8.558795215,1309,0.5578050853183665,0.5578050853183665,-0.062396604473739514,-0.058285237575307236,-0.03234935165847297,-7.570751983010463,-7.587977344687127,-7.649761357120543,true,,0.592581162819405,0.0,0.300148129860511,0.0,0.0,0.0,0.0
296,0.031897792,8.590693007,1313,0.557765580401527,0.557765580401527,-0.06239328244792297,-0.05823091401333391,-0.032226075072940286,-7.570690568828839,-7.5880712736876,-7.649341088288899,true,,0.592581162819405,0.0,0.300148129860511,0.0,0.0,0.0,0.0
297,0.016609333,8.60730234,1315,0.5579943957024701,0.5579943957024701,-0.06202421198310981,-0.05779272930613821,-0.03209680380706714,-7.570196392589885,-7.587856087472103,-7.649323494488226,true,,0.592581162819405,0.0,0.300148129860511,0.0,0.0,0.0,0.0
298,0.046596084,8.653898424000001,1318,0.5576991723936651,0.5576991723936651,-0.06213110573761571,-0.05837388395430432,-0.032467810209169556,-7.569681546238386,-7.587130134160999,-7.649777046793936,true,,0.592581162819405,0.0,0.300148129860511,0.0,0.0,0.0,0.0
299,0.017201917,8.671100341,1320,0.5576982028249058,0.5576982028249058,-0.06213874731146074,-0.05837783873699931,-0.03247972257323428,-7.569681294198721,-7.587129099819995,-7.64974251128141,true,,0.592581162819405,0.0,0.300148129860511,0.0,0.0,0.0,0.0
300,0.01717675,8.688277091000002,1322,0.5577000966985779,0.5577000966985779,-0.06214138188486207,-0.0583782589690971,-0.03248095814605767,-7.569681157787163,-7.587131590365272,-7.649744613111611,true,,0.592581162819405,0.0,0.300148129860511,0.0,0.0,0.0,0.0
301,0.017089792,8.705366883000002,1329,0.5576918167117051,0.5576918167117051,-0.0620611522921759,-0.05918783207839817,-0.03264520371179003,-7.569606443884381,-7.588374965405027,-7.649743555477787,true,,0.592581162819405,0.0,0.300148129860511,0.0,0.0,0.0,0.0
302,0.01742925,8.722796133000001,1331,0.5576914514951997,0.5576914514951997,-0.062062821051748984,-0.059185428052812794,-0.03264990509257781,-7.56960643965955,-7.5883718337200055,-7.649741597152043,true,,0.592581162819405,0.0,0.300148129860511,0.0,0.0,0.0,0.0
303,0.016710458,8.739506591000001,1333,0.5576950461080983,0.5576950461080983,-0.062057912177120644,-0.059142239480302394,-0.03270049641386297,-7.569598407269906,-7.588358613567042,-7.649672431184723,true,,0.592581162819405,0.0,0.300148129860511,0.0,0.0,0.0,0.0
304,0.016965583,8.756472174,1338,0.5577043525794018,0.5577043525794018,-0.06208897726843532,-0.05921766548135565,-0.03274895918511367,-7.569582713648622,-7.588239835386549,-7.649343068814119,true,,0.592581162819405,0.0,0.300148129860511,0.0,0.0,0.0,0.0
305,0.017487167,8.773959341000001,1340,0.557705138961971,0.557705138961971,-0.06208535043383345,-0.05921203664028529,-0.03274602549169203,-7.569582685617191,-7.588250638237268,-7.649340146818038,true,,0.592581162819405,0.0,0.300148129860511,0.0,0.0,0.0,0.0
306,0.017024208,8.790983549000002,1342,0.557705138762965,0.557705138762965,-0.0620853542096933,-0.05921204041804451,-0.03274602689746198,-7.569582685617191,-7.588250638237268,-7.649340146818038,true,,0.592581162819405,0.0,0.300148129860511,0.0,0.0,0.0,0.0
307,0.0174965,8.808480049000002,1344,0.5577084452874127,0.5577084452874127,-0.06207799972273742,-0.059207383641206146,-0.03271566562923778,-7.5695825375341155,-7.588240622008553,-7.649367729968044,true,,0.592581162819405,0.0,0.300148129860511,0.0,0.0,0.0,0.0
308,0.017209042,8.825689091000001,1359,0.5577786447939879,0.5577786447939879,-0.06149860759365022,-0.05924179684984021,-0.03303286941225203,-7.569304444794038,-7.588872469308283,-7.649694864103553,true,,0.592581162819405,0.0,0.300148129860511,0.0,0.0,0.0,0.0
309,0.017594333,8.843283424000001,1361,0.5577799136492254,0.5577799136492254,-0.06149096575326274,-0.05924770095618481,-0.03303483822231734,-7.569304373108697,-7.588882959062188,-7.649710070034604,true,,0.592581162819405,0.0,0.300148129860511,0.0,0.0,0.0,0.0
310,0.032533583,8.875817007,1364,0.5578012816207577,0.5578012816207577,-0.06152952423334623,-0.05925419851832625,-0.033056788429358885,-7.569262499576278,-7.588741065690792,-7.649694564080226,true,,0.592581162819405,0.0,0.300148129860511,0.0,0.0,0.0,0.0
311,0.017622083,8.89343909,1366,0.5578026765319862,0.5578026765319862,-0.06152552312177251,-0.05924815679267481,-0.03305123334792581,-7.569262496316679,-7.588744465581095,-7.649697230747623,true,,0.592581162819405,0.0,0.300148129860511,0.0,0.0,0.0,0.0
312,0.046515375,8.939954465,1377,0.5581187933749779,0.5581187933749779,-0.06070510266408191,-0.0591896411421764,-0.032412433655222395,-7.567750607771157,-7.590066048289524,-7.646491149006717,true,,0.592581162819405,0.0,0.300148129860511,0.0,0.0,0.0,0.0
313,0.017543708,8.957498173,1391,0.5577420438042268,0.5577420438042268,-0.060833348741679005,-0.05905785118443485,-0.032663007517905074,-7.567467590899282,-7.5900564713717245,-7.6459340438125905,true,,0.592581162819405,0.0,0.300148129860511,0.0,0.0,0.0,0.0
314,0.017870791,8.975368964,1393,0.5577458878071305,0.5577458878071305,-0.060834135508007425,-0.05905116704603153,-0.032651760342113034,-7.5674673522654805,-7.590054695710554,-7.645922234226466,true,,0.592581162819405,0.0,0.300148129860511,0.0,0.0,0.0,0.0
315,0.032639292,9.008008256,1395,0.5577458878071305,0.5577458878071305,-0.060834135508007425,-0.05905116704603153,-0.032651760342113034,-7.5674673522654805,-7.590054695710554,-7.645922234226466,true,,0.592581162819405,0.0,0.300148129860511,0.0,0.0,0.0,0.0
316,0.017953125,9.025961381,1397,0.5577458431654156,0.5577458431654156,-0.0608351534749596,-0.05905136775209385,-0.03265961430282427,-7.567467341003806,-7.590062394277636,-7.645908724836274,true,,0.592581162819405,0.0,0.300148129860511,0.0,0.0,0.0,0.0
317,0.017149709,9.04311109,1399,0.5577458431654156,0.5577458431654156,-0.0608351534749596,-0.05905136775209385,-0.03265961430282427,-7.567467341003806,-7.590062394277636,-7.645908724836274,true,,0.592581162819405,0.0,0.300148129860511,0.0,0.0,0.0,0.0
318,0.017451458,9.060562548,1403,0.5575783992191666,0.5575783992191666,-0.06046711702262053,-0.05892985877787915,-0.03323690899812659,-7.566819743644736,-7.589733821573858,-7.6473225075093705,true,,0.592581162819405,0.0,0.300148129860511,0.0,0.0,0.0,0.0
319,0.01809275,9.078655298,1405,0.5575789253515842,0.5575789253515842,-0.06048551452276674,-0.05893875235098489,-0.03325123700935029,-7.566819588418112,-7.589732070900912,-7.647337992552476,true,,0.592581162819405,0.0,0.300148129860511,0.0,0.0,0.0,0.0
320,0.017236958,9.095892255999999,1407,0.5575785554266854,0.5575785554266854,-0.060490388152692254,-0.05896934235455897,-0.033278351693194375,-7.5668172795351385,-7.589615700510105,-7.6472844607896935,true,,0.592581162819405,0.0,0.300148129860511,0.0,0.0,0.0,0.0
321,0.017504417,9.113396672999999,1409,0.5575757894668134,0.5575757894668134,-0.060493672968976675,-0.05897116755328358,-0.0332829943007239,-7.566817295491484,-7.5896197283566185,-7.6472919890006565,true,,0.592581162819405,0.0,0.300148129860511,0.0,0.0,0.0,0.0
322,0.018023916,9.131420589,1411,0.557576799346658,0.557576799346658,-0.060492001950552376,-0.05897038383928954,-0.03328107720734341,-7.566817290393319,-7.589614799062521,-7.647289572733808,true,,0.592581162819405,0.0,0.300148129860511,0.0,0.0,0.0,0.0
